customer_id,first_name,last_name,email,created_at,signup_source,email_opt_in,push_opt_in,is_deleted
cust_00001,Raymond,Rivera,raymond.rivera@yahoo.com,2024-02-03T12:45:50,google_search,True,False,False
cust_00002,Scott,Rivera,scott.rivera@icloud.com,2026-01-26T19:06:24,dv360,True,False,False
cust_00003,Samuel,Ortiz,samuel.ortiz@outlook.com,2025-11-12T22:32:25,tiktok,True,False,False
cust_00004,Edward,Morris,edward.morris@icloud.com,2024-10-01T20:45:59,organic_direct,True,True,False
cust_00005,Michelle,Cruz,michelle.cruz@gmail.com,2026-03-12T08:10:22,meta,True,True,False
cust_00006,Stephen,Hall,stephen.hall@gmail.com,2026-01-09T02:33:10,youtube,True,False,False
cust_00007,Anthony,Cruz,anthony.cruz@yahoo.com,2026-03-09T20:59:04,tiktok,True,False,False
cust_00008,Dennis,Walker,dennis.walker@gmail.com,2025-03-25T04:51:38,tiktok,True,False,False
cust_00009,Frank,Taylor,frank.taylor@gmail.com,2026-04-22T09:31:39,google_search,True,False,False
cust_00010,Heather,Green,heather.green@yahoo.com,2025-12-03T07:39:32,meta,True,True,False
cust_00011,Betty,Ramirez,betty.ramirez@outlook.com,2026-02-18T21:14:50,google_search,True,True,False
cust_00012,Kathleen,Walker,kathleen.walker@gmail.com,2024-05-05T21:34:57,dv360,True,True,False
cust_00013,Maria,Cook,maria.cook@yahoo.com,2025-09-03T03:33:13,google_search,True,True,False
cust_00014,Kenneth,Edwards,kenneth.edwards@gmail.com,2023-10-20T05:36:00,tiktok,True,True,False
cust_00015,Samuel,Murphy,samuel.murphy@gmail.com,2025-06-27T04:09:44,tiktok,True,True,False
cust_00016,Kathleen,Wilson,kathleen.wilson@hotmail.com,2026-04-04T07:25:27,meta,True,False,False
cust_00017,David,Martin,david.martin@yahoo.com,2026-06-11T16:34:56,tiktok,True,False,False
cust_00018,Timothy,Howard,timothy.howard@gmail.com,2025-07-18T00:00:04,google_search,True,True,False
cust_00019,Elizabeth,Kelly,elizabeth.kelly@hotmail.com,2023-08-16T03:41:43,dv360,True,True,False
cust_00020,Karen,Jackson,karen.jackson@yahoo.com,2024-09-03T02:54:22,meta,False,True,False
cust_00021,Raymond,Lopez,raymond.lopez@icloud.com,2025-01-14T09:03:44,meta,True,True,False
cust_00022,Laura,Lee,laura.lee@gmail.com,2025-02-24T12:09:59,meta,True,True,False
cust_00023,Kevin,Flores,kevin.flores@icloud.com,2026-01-29T05:28:29,youtube,False,True,False
cust_00024,Ronald,Turner,ronald.turner@yahoo.com,2026-01-11T04:50:58,tiktok,True,True,False
cust_00025,Samuel,Rogers,samuel.rogers@icloud.com,2024-11-04T10:18:36,dv360,True,False,False
cust_00026,Samantha,Phillips,samantha.phillips@gmail.com,2024-08-19T21:15:25,organic_direct,True,True,False
cust_00027,Kimberly,Reyes,kimberly.reyes@yahoo.com,2025-03-05T11:42:46,youtube,False,True,False
cust_00028,Andrew,Morales,andrew.morales@icloud.com,2024-05-21T05:21:59,dv360,True,False,False
cust_00029,Maria,Cooper,maria.cooper@aol.com,2026-05-01T22:55:51,meta,True,False,False
cust_00030,David,Gutierrez,david.gutierrez@icloud.com,2026-07-01T18:09:31,tiktok,False,True,False
cust_00031,Samuel,Reyes,samuel.reyes@gmail.com,2025-01-13T15:47:42,youtube,True,True,False
cust_00032,Michelle,Collins,michelle.collins@gmail.com,2026-02-28T23:52:11,meta,True,False,False
cust_00033,Donald,Gomez,donald.gomez@yahoo.com,2026-07-30T18:03:30,organic_direct,True,False,False
cust_00034,Diane,Peterson,diane.peterson@protonmail.com,2024-11-26T07:34:58,google_search,True,False,False
cust_00035,George,Howard,george.howard@gmail.com,2026-07-19T02:12:21,google_search,True,False,False
cust_00036,Jeffrey,Hill,jeffrey.hill@aol.com,2024-09-15T12:16:24,organic_direct,True,True,False
cust_00037,Shirley,Nguyen,shirley.nguyen@yahoo.com,2023-11-16T13:18:50,snap,True,False,False
cust_00038,Karen,Brown,karen.brown@aol.com,2025-10-03T04:47:07,dv360,True,False,False
cust_00039,Deborah,Wilson,deborah.wilson@gmail.com,2024-12-16T09:04:05,organic_direct,True,False,False
cust_00040,Gary,Scott,gary.scott@protonmail.com,2026-02-09T21:22:26,meta,False,False,False
cust_00041,Brenda,Scott,brenda.scott@protonmail.com,2023-09-04T02:52:06,meta,True,False,False
cust_00042,Nancy,Nelson,nancy.nelson@hotmail.com,2026-04-06T15:48:41,organic_direct,True,True,False
cust_00043,Cynthia,King,cynthia.king@yahoo.com,2025-06-16T12:57:33,google_search,True,False,False
cust_00044,Mary,Sanchez,mary.sanchez@icloud.com,2024-06-11T15:55:41,meta,False,True,False
cust_00045,James,Roberts,james.roberts@gmail.com,2025-02-08T18:59:42,tiktok,True,True,False
cust_00046,George,Turner,george.turner@gmail.com,2025-03-06T22:41:25,tiktok,True,False,False
cust_00047,Emily,Hernandez,emily.hernandez@gmail.com,2025-11-20T23:35:30,meta,True,False,False
cust_00048,Edward,Diaz,edward.diaz@yahoo.com,2025-07-08T14:46:09,meta,True,True,False
cust_00049,Samuel,Gomez,samuel.gomez@icloud.com,2026-06-10T11:35:54,meta,False,False,False
cust_00050,Deleted,User,deleted_user_00050@deleted.kinetic.invalid,2024-04-08T06:22:34,google_search,False,False,True
cust_00051,Shirley,Anderson,shirley.anderson@gmail.com,2026-05-31T04:46:21,snap,True,True,False
cust_00052,Jennifer,King,jennifer.king@outlook.com,2025-02-05T00:19:17,organic_direct,True,True,False
cust_00053,William,Rogers,william.rogers@gmail.com,2025-02-18T00:57:52,meta,False,True,False
cust_00054,Timothy,Gutierrez,timothy.gutierrez@aol.com,2026-01-03T00:03:22,tiktok,True,False,False
cust_00055,Alexander,Phillips,alexander.phillips@icloud.com,2026-04-07T15:29:25,tiktok,False,False,False
cust_00056,Samantha,Jones,samantha.jones@icloud.com,2023-12-14T03:37:10,meta,True,False,False
cust_00057,Scott,Adams,scott.adams@yahoo.com,2026-06-15T02:28:15,organic_direct,True,True,False
cust_00058,Nicole,Gonzalez,nicole.gonzalez@icloud.com,2026-03-07T07:16:32,google_search,True,False,False
cust_00059,Melissa,Edwards,melissa.edwards@gmail.com,2023-08-17T05:53:31,youtube,True,True,False
cust_00060,Heather,Ward,heather.ward@gmail.com,2024-11-25T11:25:13,organic_direct,True,True,False
cust_00061,Jennifer,Johnson,jennifer.johnson@gmail.com,2024-04-26T18:17:57,organic_direct,True,True,False
cust_00062,Christopher,Brown,christopher.brown@gmail.com,2025-05-13T12:51:38,google_search,True,True,False
cust_00063,Nicole,Peterson,nicole.peterson@gmail.com,2026-01-31T15:00:49,google_search,True,True,False
cust_00064,Jonathan,Reed,jonathan.reed@gmail.com,2024-11-25T14:43:29,dv360,True,False,False
cust_00065,Anna,Brown,anna.brown@outlook.com,2026-01-31T12:32:14,tiktok,True,False,False
cust_00066,Rebecca,Gonzalez,rebecca.gonzalez@gmail.com,2025-07-03T03:44:57,meta,True,False,False
cust_00067,Margaret,Turner,margaret.turner@outlook.com,2024-06-17T10:20:54,google_search,False,False,False
cust_00068,Kathleen,Moore,kathleen.moore@gmail.com,2024-08-22T10:45:39,meta,True,False,False
cust_00069,Ronald,Davis,ronald.davis@comcast.net,2026-07-08T06:14:07,meta,True,False,False
cust_00070,Sandra,Green,sandra.green@gmail.com,2026-02-21T01:15:10,meta,True,False,False
cust_00071,Amanda,Robinson,amanda.robinson@gmail.com,2023-09-06T20:34:27,meta,True,False,False
cust_00072,Diane,Wilson,diane.wilson@gmail.com,2025-08-28T12:35:36,meta,True,False,False
cust_00073,Kevin,Smith,kevin.smith@gmail.com,2026-05-06T02:31:37,meta,True,True,False
cust_00074,Carolyn,Rivera,carolyn.rivera@yahoo.com,2023-11-09T20:21:33,youtube,True,True,False
cust_00075,Justin,Morgan,justin.morgan@gmail.com,2024-01-01T17:10:26,dv360,False,True,False
cust_00076,Shirley,Reed,shirley.reed@gmail.com,2025-03-09T01:47:36,google_search,True,False,False
cust_00077,Dennis,Ramos,dennis.ramos@aol.com,2024-06-15T05:41:44,tiktok,True,False,False
cust_00078,Sharon,Gonzalez,sharon.gonzalez@outlook.com,2026-06-09T02:45:14,meta,False,True,False
cust_00079,Betty,Gutierrez,betty.gutierrez@gmail.com,2025-03-29T06:01:11,youtube,True,False,False
cust_00080,Angela,Reyes,angela.reyes@outlook.com,2023-11-14T19:51:06,meta,True,False,False
cust_00081,Dennis,Campbell,dennis.campbell@outlook.com,2023-09-13T14:47:27,organic_direct,True,False,False
cust_00082,Kenneth,Morales,kenneth.morales@gmail.com,2025-05-03T08:20:31,dv360,True,True,False
cust_00083,Deleted,User,deleted_user_00083@deleted.kinetic.invalid,2025-03-19T08:14:51,tiktok,False,False,True
cust_00084,Ashley,Garcia,ashley.garcia@gmail.com,2026-01-31T05:29:12,meta,True,True,False
cust_00085,Eric,Baker,eric.baker@hotmail.com,2023-10-14T22:09:27,meta,True,False,False
cust_00086,Angela,Hernandez,angela.hernandez@comcast.net,2025-01-14T10:31:03,tiktok,True,False,False
cust_00087,Joshua,Edwards,joshua.edwards@outlook.com,2026-01-09T11:18:33,google_search,True,True,False
cust_00088,Carol,Cox,carol.cox@outlook.com,2024-02-24T10:17:52,google_search,True,False,False
cust_00089,Pamela,Nelson,pamela.nelson@hotmail.com,2025-08-06T19:07:15,dv360,True,False,False
cust_00090,Frank,Rogers,frank.rogers@yahoo.com,2025-01-09T14:47:49,youtube,True,False,False
cust_00091,Edward,Kelly,edward.kelly@outlook.com,2025-01-15T07:18:17,google_search,True,False,False
cust_00092,Richard,Campbell,richard.campbell@outlook.com,2024-03-09T17:12:11,meta,True,True,False
cust_00093,Sarah,Harris,sarah.harris@hotmail.com,2026-06-21T15:37:45,organic_direct,True,True,False
cust_00094,Sharon,Martin,sharon.martin@yahoo.com,2024-02-06T04:59:30,google_search,True,True,False
cust_00095,Amy,Ramirez,amy.ramirez@outlook.com,2023-11-29T10:50:22,google_search,True,False,False
cust_00096,Patricia,Wilson,patricia.wilson@hotmail.com,2026-05-27T02:49:05,google_search,True,False,False
cust_00097,Benjamin,Baker,benjamin.baker@gmail.com,2025-03-22T03:04:27,organic_direct,True,False,False
cust_00098,Anna,Harris,anna.harris@yahoo.com,2024-01-08T19:44:41,google_search,False,True,False
cust_00099,Angela,Miller,angela.miller@icloud.com,2025-10-09T04:57:16,meta,True,True,False
cust_00100,Stephanie,Gomez,stephanie.gomez@icloud.com,2024-04-12T14:30:43,google_search,True,True,False
cust_00101,Samantha,Jones,samantha.jones@gmail.com,2026-07-29T10:35:40,meta,True,True,False
cust_00102,Brandon,Jones,brandon.jones@yahoo.com,2025-01-18T02:27:46,tiktok,False,False,False
cust_00103,Alexander,Smith,alexander.smith@outlook.com,2025-10-05T19:31:31,google_search,False,True,False
cust_00104,Matthew,Lee,matthew.lee@gmail.com,2023-10-22T05:14:35,tiktok,False,True,False
cust_00105,Frank,Robinson,frank.robinson@yahoo.com,2026-03-08T03:42:21,youtube,True,True,False
cust_00106,Jason,Murphy,jason.murphy@gmail.com,2024-10-20T20:38:45,organic_direct,True,True,False
cust_00107,Deleted,User,deleted_user_00107@deleted.kinetic.invalid,2025-01-06T11:09:22,snap,False,False,True
cust_00108,George,Kelly,george.kelly@gmail.com,2025-04-16T01:59:57,dv360,True,True,False
cust_00109,Kenneth,Cox,kenneth.cox@icloud.com,2025-03-05T16:57:17,tiktok,True,False,False
cust_00110,Raymond,Jackson,raymond.jackson@gmail.com,2024-12-28T18:52:13,meta,True,False,False
cust_00111,Carolyn,Rodriguez,carolyn.rodriguez@icloud.com,2025-01-14T17:21:01,meta,True,True,False
cust_00112,Justin,Lopez,justin.lopez@comcast.net,2026-06-21T18:05:05,tiktok,False,False,False
cust_00113,Kathleen,Clark,kathleen.clark@hotmail.com,2026-05-12T20:41:22,google_search,True,False,False
cust_00114,Laura,Smith,laura.smith@gmail.com,2024-07-29T20:09:11,organic_direct,False,True,False
cust_00115,Patricia,Miller,patricia.miller@gmail.com,2025-04-19T08:22:51,tiktok,True,False,False
cust_00116,Alexander,Wright,alexander.wright@gmail.com,2026-01-07T04:48:17,google_search,True,True,False
cust_00117,Angela,Hill,angela.hill@yahoo.com,2025-11-23T01:01:36,organic_direct,True,True,False
cust_00118,Charles,Nguyen,charles.nguyen@icloud.com,2023-12-03T20:36:37,tiktok,True,True,False
cust_00119,Sandra,Mitchell,sandra.mitchell@outlook.com,2025-01-28T04:54:44,meta,True,False,False
cust_00120,Sandra,Morris,sandra.morris@hotmail.com,2025-11-25T21:41:56,google_search,True,False,False
cust_00121,Eric,Collins,eric.collins@aol.com,2024-02-26T12:31:39,tiktok,True,False,False
cust_00122,Barbara,Jones,barbara.jones@aol.com,2023-11-24T23:10:23,organic_direct,True,False,False
cust_00123,Jennifer,Parker,jennifer.parker@gmail.com,2025-12-15T23:23:57,google_search,True,False,False
cust_00124,Melissa,Ramos,melissa.ramos@icloud.com,2024-11-27T16:12:53,dv360,True,True,False
cust_00125,Richard,Peterson,richard.peterson@gmail.com,2026-03-27T21:32:22,dv360,True,False,False
cust_00126,Jessica,Mitchell,jessica.mitchell@gmail.com,2025-02-18T07:30:06,google_search,True,False,False
cust_00127,Margaret,Edwards,margaret.edwards@outlook.com,2025-03-04T11:56:09,tiktok,True,True,False
cust_00128,Pamela,Clark,pamela.clark@hotmail.com,2026-04-11T07:42:55,organic_direct,True,False,False
cust_00129,Brenda,Reyes,brenda.reyes@gmail.com,2026-04-29T21:03:12,google_search,True,False,False
cust_00130,Anthony,Lopez,anthony.lopez@gmail.com,2024-01-14T17:27:45,google_search,True,True,False
cust_00131,Eric,Howard,eric.howard@gmail.com,2026-02-19T06:43:24,meta,True,False,False
cust_00132,Eric,Bailey,eric.bailey@yahoo.com,2026-01-17T14:25:34,tiktok,True,True,False
cust_00133,Charles,Campbell,charles.campbell@gmail.com,2024-07-05T00:15:49,tiktok,True,True,False
cust_00134,Jennifer,Lee,jennifer.lee@gmail.com,2025-08-06T16:28:07,meta,True,False,False
cust_00135,Larry,Phillips,larry.phillips@icloud.com,2026-04-14T06:39:06,meta,True,False,False
cust_00136,Samantha,Richardson,samantha.richardson@icloud.com,2023-11-17T02:07:10,meta,False,False,False
cust_00137,Benjamin,Gonzalez,benjamin.gonzalez@gmail.com,2025-08-13T16:35:47,youtube,True,False,False
cust_00138,Maria,Nguyen,maria.nguyen@icloud.com,2024-11-18T03:51:26,youtube,False,True,False
cust_00139,Richard,Nelson,richard.nelson@yahoo.com,2024-08-21T21:26:29,organic_direct,True,True,False
cust_00140,William,Rodriguez,william.rodriguez@yahoo.com,2023-08-30T20:31:29,dv360,True,False,False
cust_00141,Diane,Davis,diane.davis@gmail.com,2024-01-15T11:07:37,google_search,True,True,False
cust_00142,Jeffrey,King,jeffrey.king@yahoo.com,2024-03-28T20:51:48,youtube,True,False,False
cust_00143,William,Turner,william.turner@gmail.com,2024-11-18T10:57:48,meta,True,True,False
cust_00144,Mary,Nelson,mary.nelson@outlook.com,2026-03-25T10:03:36,snap,False,True,False
cust_00145,Kevin,Allen,kevin.allen@yahoo.com,2024-01-12T08:35:05,tiktok,True,True,False
cust_00146,Larry,Bailey,larry.bailey@gmail.com,2023-12-14T09:59:35,google_search,True,False,False
cust_00147,John,Martin,john.martin@outlook.com,2023-11-12T02:46:58,google_search,True,True,False
cust_00148,Gregory,Rogers,gregory.rogers@outlook.com,2026-01-25T01:19:19,organic_direct,False,True,False
cust_00149,Ronald,Kelly,ronald.kelly@gmail.com,2026-02-05T21:21:05,meta,True,True,False
cust_00150,Deleted,User,deleted_user_00150@deleted.kinetic.invalid,2024-03-12T09:51:01,youtube,False,False,True
cust_00151,Laura,Ortiz,laura.ortiz@comcast.net,2024-07-07T00:10:18,organic_direct,True,True,False
cust_00152,Jennifer,Gutierrez,jennifer.gutierrez@yahoo.com,2025-12-08T11:44:02,tiktok,True,False,False
cust_00153,William,Richardson,william.richardson@gmail.com,2025-10-22T06:18:51,meta,False,True,False
cust_00154,Emma,Harris,emma.harris@outlook.com,2023-09-05T10:51:42,tiktok,True,False,False
cust_00155,Jerry,Evans,jerry.evans@gmail.com,2025-11-30T20:50:01,meta,True,True,False
cust_00156,Debra,Ramirez,debra.ramirez@gmail.com,2025-10-31T09:11:02,organic_direct,True,True,False
cust_00157,Shirley,Cooper,shirley.cooper@gmail.com,2026-01-10T11:12:04,organic_direct,True,False,False
cust_00158,Jeffrey,Nelson,jeffrey.nelson@yahoo.com,2025-06-25T14:32:35,dv360,True,False,False
cust_00159,Mark,Wright,mark.wright@gmail.com,2026-05-29T15:41:07,google_search,True,False,False
cust_00160,Kevin,Mitchell,kevin.mitchell@gmail.com,2024-03-06T08:59:20,dv360,True,False,False
cust_00161,Deleted,User,deleted_user_00161@deleted.kinetic.invalid,2024-10-30T22:01:03,tiktok,False,False,True
cust_00162,Jessica,Carter,jessica.carter@yahoo.com,2025-02-09T22:09:44,dv360,True,True,False
cust_00163,Sharon,Thompson,sharon.thompson@yahoo.com,2026-07-27T03:12:14,meta,True,True,False
cust_00164,Nicholas,Howard,nicholas.howard@icloud.com,2024-09-14T02:41:09,google_search,True,True,False
cust_00165,Eric,Nelson,eric.nelson@icloud.com,2025-07-30T11:52:48,meta,True,True,False
cust_00166,Stephanie,Martinez,stephanie.martinez@gmail.com,2024-12-02T06:07:56,dv360,True,False,False
cust_00167,Eric,Cooper,eric.cooper@hotmail.com,2024-02-11T10:50:19,meta,False,False,False
cust_00168,Patricia,Mitchell,patricia.mitchell@comcast.net,2024-11-28T04:29:06,organic_direct,True,True,False
cust_00169,Andrew,Allen,andrew.allen@gmail.com,2023-12-25T08:37:21,google_search,False,True,False
cust_00170,Daniel,Gonzalez,daniel.gonzalez@gmail.com,2024-05-24T15:43:38,meta,False,False,False
cust_00171,Cynthia,Campbell,cynthia.campbell@gmail.com,2023-11-17T17:47:22,organic_direct,True,True,False
cust_00172,Sandra,Cooper,sandra.cooper@yahoo.com,2023-12-22T14:31:13,meta,True,False,False
cust_00173,Sandra,Thompson,sandra.thompson@gmail.com,2026-02-01T19:00:26,meta,True,True,False
cust_00174,Gary,Thomas,gary.thomas@comcast.net,2024-03-30T16:46:57,organic_direct,True,False,False
cust_00175,Ashley,Ortiz,ashley.ortiz@yahoo.com,2023-12-21T23:17:08,meta,True,False,False
cust_00176,Amanda,King,amanda.king@hotmail.com,2025-01-24T00:24:17,meta,False,False,False
cust_00177,Pamela,Harris,pamela.harris@outlook.com,2026-06-01T04:36:26,organic_direct,False,True,False
cust_00178,Ronald,Davis,ronald.davis@gmail.com,2024-04-29T14:36:00,youtube,True,True,False
cust_00179,Donna,Martinez,donna.martinez@hotmail.com,2024-01-03T02:28:03,organic_direct,True,True,False
cust_00180,Nicholas,Wright,nicholas.wright@gmail.com,2026-01-02T06:54:33,tiktok,True,True,False
cust_00181,Katherine,Martin,katherine.martin@outlook.com,2023-12-15T12:43:56,tiktok,True,False,False
cust_00182,Benjamin,Gonzalez,benjamin.gonzalez@yahoo.com,2026-01-19T05:55:06,google_search,True,False,False
cust_00183,Janet,Hill,janet.hill@gmail.com,2026-05-06T02:02:09,tiktok,True,False,False
cust_00184,Heather,Morris,heather.morris@gmail.com,2024-06-23T11:15:48,youtube,True,True,False
cust_00185,Robert,King,robert.king@icloud.com,2026-01-13T17:14:07,google_search,True,True,False
cust_00186,Joseph,Howard,joseph.howard@gmail.com,2025-09-27T09:03:00,organic_direct,True,True,False
cust_00187,Kenneth,Scott,kenneth.scott@gmail.com,2024-01-07T13:05:22,meta,True,False,False
cust_00188,Emily,Taylor,emily.taylor@gmail.com,2026-06-18T05:32:17,tiktok,True,True,False
cust_00189,Patricia,Murphy,patricia.murphy@gmail.com,2023-11-02T17:33:50,meta,True,True,False
cust_00190,Carolyn,Cook,carolyn.cook@icloud.com,2025-06-20T03:44:20,tiktok,False,False,False
cust_00191,Melissa,Morris,melissa.morris@yahoo.com,2024-04-19T19:11:49,youtube,True,True,False
cust_00192,Dorothy,Adams,dorothy.adams@gmail.com,2024-12-24T02:05:33,google_search,True,False,False
cust_00193,Susan,Anderson,susan.anderson@yahoo.com,2026-03-18T17:38:29,meta,False,True,False
cust_00194,Nancy,Jones,nancy.jones@yahoo.com,2025-12-06T12:50:32,organic_direct,True,True,False
cust_00195,David,Allen,david.allen@yahoo.com,2024-08-04T17:34:21,organic_direct,True,False,False
cust_00196,Amanda,Williams,amanda.williams@outlook.com,2024-11-24T11:34:38,google_search,False,True,False
cust_00197,Jonathan,Phillips,jonathan.phillips@hotmail.com,2025-04-05T23:59:30,snap,False,False,False
cust_00198,Charles,Williams,charles.williams@icloud.com,2024-04-27T22:02:59,snap,True,False,False
cust_00199,Charles,Lewis,charles.lewis@gmail.com,2025-11-15T00:12:37,youtube,False,True,False
cust_00200,Jennifer,Campbell,jennifer.campbell@outlook.com,2024-01-10T22:35:25,tiktok,True,False,False
cust_00201,Eric,Baker,eric.baker@outlook.com,2026-07-08T22:18:53,youtube,True,False,False
cust_00202,Brian,Cook,brian.cook@outlook.com,2025-02-22T00:33:46,meta,True,True,False
cust_00203,Shirley,Williams,shirley.williams@comcast.net,2025-09-23T09:18:29,google_search,True,True,False
cust_00204,Emma,Cook,emma.cook@icloud.com,2025-01-19T20:54:05,google_search,True,True,False
cust_00205,Benjamin,Walker,benjamin.walker@yahoo.com,2024-03-03T00:42:44,google_search,True,True,False
cust_00206,Ronald,Ward,ronald.ward@outlook.com,2026-02-23T15:07:53,youtube,True,False,False
cust_00207,Brenda,Gutierrez,brenda.gutierrez@icloud.com,2025-09-24T12:59:25,tiktok,True,True,False
cust_00208,Jessica,Scott,jessica.scott@gmail.com,2024-07-07T09:55:39,meta,True,False,False
cust_00209,Helen,Garcia,helen.garcia@gmail.com,2026-03-10T19:38:20,dv360,True,True,False
cust_00210,Helen,Ortiz,helen.ortiz@outlook.com,2025-02-25T09:16:56,meta,True,False,False
cust_00211,Jessica,Richardson,jessica.richardson@icloud.com,2026-01-03T16:33:49,tiktok,True,True,False
cust_00212,Brenda,Cruz,brenda.cruz@gmail.com,2024-12-10T07:19:49,meta,True,False,False
cust_00213,James,Davis,james.davis@gmail.com,2024-04-14T09:53:19,google_search,True,True,False
cust_00214,Michelle,Brown,michelle.brown@outlook.com,2026-05-04T15:41:33,organic_direct,True,True,False
cust_00215,Donna,Gonzalez,donna.gonzalez@outlook.com,2025-11-21T00:13:20,youtube,True,False,False
cust_00216,John,Robinson,john.robinson@gmail.com,2025-11-27T14:35:07,dv360,True,False,False
cust_00217,Diane,Green,diane.green@yahoo.com,2025-09-25T09:35:23,meta,True,False,False
cust_00218,Joshua,Gutierrez,joshua.gutierrez@yahoo.com,2026-03-19T19:07:35,youtube,True,True,False
cust_00219,Samuel,Ramirez,samuel.ramirez@gmail.com,2023-10-29T19:36:40,dv360,True,True,False
cust_00220,Matthew,Miller,matthew.miller@gmail.com,2025-09-25T11:59:18,snap,True,False,False
cust_00221,Jessica,Hall,jessica.hall@hotmail.com,2026-03-01T21:39:48,meta,True,True,False
cust_00222,Kevin,Jones,kevin.jones@yahoo.com,2025-08-25T00:35:29,organic_direct,True,False,False
cust_00223,Gary,Taylor,gary.taylor@hotmail.com,2025-01-10T18:16:44,meta,True,False,False
cust_00224,Christopher,Peterson,christopher.peterson@outlook.com,2026-07-05T01:06:57,google_search,True,False,False
cust_00225,George,Edwards,george.edwards@outlook.com,2026-02-27T03:06:34,organic_direct,True,True,False
cust_00226,Katherine,Allen,katherine.allen@yahoo.com,2025-08-01T04:35:04,tiktok,True,False,False
cust_00227,Emily,Gonzalez,emily.gonzalez@yahoo.com,2026-06-10T13:25:50,youtube,True,True,False
cust_00228,Sandra,Campbell,sandra.campbell@icloud.com,2024-02-16T02:41:05,google_search,False,True,False
cust_00229,Shirley,Stewart,shirley.stewart@gmail.com,2023-11-23T15:45:37,dv360,True,False,False
cust_00230,Carolyn,Martin,carolyn.martin@icloud.com,2023-10-30T00:57:11,tiktok,True,True,False
cust_00231,Karen,Turner,karen.turner@gmail.com,2025-04-17T04:59:24,google_search,True,True,False
cust_00232,Sandra,Morales,sandra.morales@gmail.com,2025-01-12T04:16:45,organic_direct,True,False,False
cust_00233,Nicholas,Parker,nicholas.parker@gmail.com,2025-06-04T10:24:33,meta,True,True,False
cust_00234,Maria,Peterson,maria.peterson@gmail.com,2025-05-22T04:57:59,google_search,True,True,False
cust_00235,Joshua,Morris,joshua.morris@gmail.com,2025-03-15T17:07:02,youtube,True,False,False
cust_00236,Mary,Adams,mary.adams@gmail.com,2025-10-22T14:32:14,snap,True,False,False
cust_00237,David,Morales,david.morales@gmail.com,2023-09-02T23:45:32,google_search,True,True,False
cust_00238,Linda,Gutierrez,linda.gutierrez@yahoo.com,2024-03-16T22:17:40,dv360,True,False,False
cust_00239,Maria,Collins,maria.collins@icloud.com,2026-06-27T23:53:15,organic_direct,True,True,False
cust_00240,Donald,Miller,donald.miller@gmail.com,2026-04-07T05:22:09,snap,True,False,False
cust_00241,Nicholas,Collins,nicholas.collins@comcast.net,2024-05-16T10:57:01,tiktok,True,False,False
cust_00242,Raymond,Robinson,raymond.robinson@yahoo.com,2026-02-20T04:51:26,tiktok,True,False,False
cust_00243,Samantha,Wilson,samantha.wilson@gmail.com,2025-03-31T22:44:50,tiktok,False,False,False
cust_00244,Angela,Peterson,angela.peterson@icloud.com,2025-12-20T00:34:12,meta,True,True,False
cust_00245,Donna,Ward,donna.ward@icloud.com,2025-05-01T20:15:45,tiktok,True,True,False
cust_00246,Stephanie,Walker,stephanie.walker@icloud.com,2025-12-13T15:25:45,organic_direct,True,False,False
cust_00247,Ashley,Edwards,ashley.edwards@comcast.net,2025-11-21T07:38:44,meta,True,False,False
cust_00248,Deleted,User,deleted_user_00248@deleted.kinetic.invalid,2025-11-14T17:25:59,google_search,False,False,True
cust_00249,Ashley,Taylor,ashley.taylor@gmail.com,2026-02-06T08:34:44,google_search,False,True,False
cust_00250,Kathleen,Reed,kathleen.reed@gmail.com,2025-08-05T11:26:33,dv360,True,True,False
cust_00251,Eric,Young,eric.young@icloud.com,2026-01-29T13:41:59,snap,True,False,False
cust_00252,Helen,Cooper,helen.cooper@gmail.com,2024-06-18T12:38:25,organic_direct,False,True,False
cust_00253,Raymond,Ward,raymond.ward@gmail.com,2026-03-30T18:51:26,youtube,True,True,False
cust_00254,Heather,Cook,heather.cook@gmail.com,2026-06-04T14:17:35,youtube,True,False,False
cust_00255,Ronald,Diaz,ronald.diaz@yahoo.com,2024-02-03T18:24:52,tiktok,False,True,False
cust_00256,Jessica,Torres,jessica.torres@gmail.com,2025-03-22T15:01:21,dv360,True,True,False
cust_00257,Sarah,Evans,sarah.evans@icloud.com,2024-01-30T13:00:20,meta,True,True,False
cust_00258,Gregory,Kelly,gregory.kelly@yahoo.com,2025-09-19T00:50:21,meta,True,False,False
cust_00259,Rachel,Nelson,rachel.nelson@gmail.com,2026-05-23T11:26:12,google_search,True,False,False
cust_00260,Mary,Robinson,mary.robinson@gmail.com,2024-08-02T21:17:01,google_search,True,True,False
cust_00261,Emily,Edwards,emily.edwards@yahoo.com,2025-11-15T04:13:18,tiktok,True,True,False
cust_00262,Michelle,Nelson,michelle.nelson@gmail.com,2025-08-04T11:38:22,google_search,True,False,False
cust_00263,Cynthia,Miller,cynthia.miller@gmail.com,2024-01-26T02:08:26,meta,True,False,False
cust_00264,Jeffrey,Torres,jeffrey.torres@gmail.com,2025-10-10T16:13:48,meta,True,False,False
cust_00265,Cynthia,Rogers,cynthia.rogers@outlook.com,2026-04-14T19:02:03,snap,True,False,False
cust_00266,Christopher,White,christopher.white@gmail.com,2026-01-05T06:45:49,meta,True,True,False
cust_00267,Emily,Robinson,emily.robinson@hotmail.com,2024-06-03T04:52:22,snap,True,True,False
cust_00268,Thomas,Perez,thomas.perez@icloud.com,2025-03-16T13:47:09,youtube,True,False,False
cust_00269,Steven,Miller,steven.miller@gmail.com,2026-07-22T05:03:04,google_search,False,False,False
cust_00270,Scott,Morales,scott.morales@icloud.com,2025-03-14T17:56:50,meta,True,True,False
cust_00271,Jason,Roberts,jason.roberts@icloud.com,2026-06-09T03:36:58,google_search,True,True,False
cust_00272,Frank,Phillips,frank.phillips@aol.com,2025-12-08T05:26:49,tiktok,True,False,False
cust_00273,Linda,Carter,linda.carter@outlook.com,2026-01-24T13:48:59,tiktok,True,True,False
cust_00274,Justin,Gutierrez,justin.gutierrez@gmail.com,2024-03-12T06:38:53,youtube,True,True,False
cust_00275,Richard,Thomas,richard.thomas@gmail.com,2026-02-26T17:17:52,google_search,True,True,False
cust_00276,Ronald,Hill,ronald.hill@gmail.com,2024-09-04T14:40:27,tiktok,True,False,False
cust_00277,Maria,Ortiz,maria.ortiz@gmail.com,2026-02-25T19:34:01,youtube,True,False,False
cust_00278,George,Perez,george.perez@outlook.com,2026-06-10T06:04:57,meta,True,True,False
cust_00279,Edward,Ortiz,edward.ortiz@yahoo.com,2024-06-12T09:49:44,youtube,True,True,False
cust_00280,Rachel,Scott,rachel.scott@yahoo.com,2025-06-24T02:17:52,youtube,True,True,False
cust_00281,Katherine,King,katherine.king@gmail.com,2026-05-05T11:37:03,google_search,True,False,False
cust_00282,Anthony,Allen,anthony.allen@gmail.com,2026-02-22T22:56:33,tiktok,True,False,False
cust_00283,Samuel,Peterson,samuel.peterson@gmail.com,2026-01-08T21:20:06,snap,True,False,False
cust_00284,Daniel,Martinez,daniel.martinez@outlook.com,2024-01-04T09:44:25,tiktok,True,False,False
cust_00285,Brandon,Lee,brandon.lee@comcast.net,2026-06-04T10:55:38,google_search,True,False,False
cust_00286,Betty,Morales,betty.morales@icloud.com,2025-04-15T18:36:26,tiktok,True,True,False
cust_00287,William,Ward,william.ward@gmail.com,2026-02-16T21:16:22,snap,True,False,False
cust_00288,Timothy,Moore,timothy.moore@gmail.com,2024-02-08T17:59:57,youtube,True,False,False
cust_00289,Alexander,Campbell,alexander.campbell@comcast.net,2025-04-09T15:21:03,dv360,True,True,False
cust_00290,Margaret,Parker,margaret.parker@comcast.net,2024-09-26T11:19:29,meta,True,True,False
cust_00291,Matthew,Carter,matthew.carter@gmail.com,2025-12-18T06:34:05,organic_direct,True,False,False
cust_00292,George,Sanchez,george.sanchez@outlook.com,2024-04-12T12:54:27,meta,True,False,False
cust_00293,Steven,Kim,steven.kim@hotmail.com,2025-01-23T03:34:25,tiktok,False,True,False
cust_00294,Stephen,Morris,stephen.morris@gmail.com,2025-11-17T01:28:26,youtube,True,False,False
cust_00295,Kevin,Cox,kevin.cox@yahoo.com,2024-06-23T22:08:58,meta,True,True,False
cust_00296,George,Richardson,george.richardson@gmail.com,2024-01-12T12:16:04,meta,True,False,False
cust_00297,Charles,Garcia,charles.garcia@outlook.com,2025-06-12T11:34:42,organic_direct,True,False,False
cust_00298,Jacob,Allen,jacob.allen@yahoo.com,2024-11-12T08:01:38,meta,True,False,False
cust_00299,Amanda,Brown,amanda.brown@icloud.com,2023-09-28T08:26:00,meta,True,True,False
cust_00300,Dorothy,Hall,dorothy.hall@yahoo.com,2026-01-18T20:02:49,google_search,True,True,False
cust_00301,Kimberly,Hall,kimberly.hall@icloud.com,2025-01-22T06:31:15,meta,True,False,False
cust_00302,Jonathan,Clark,jonathan.clark@outlook.com,2026-05-27T20:35:10,tiktok,False,False,False
cust_00303,Eric,White,eric.white@gmail.com,2024-02-22T16:55:38,google_search,False,False,False
cust_00304,Katherine,Evans,katherine.evans@gmail.com,2025-04-21T20:04:58,organic_direct,True,False,False
cust_00305,Stephanie,Collins,stephanie.collins@gmail.com,2025-09-04T05:52:24,dv360,False,True,False
cust_00306,Kenneth,Parker,kenneth.parker@gmail.com,2026-01-21T02:13:34,organic_direct,True,True,False
cust_00307,Ryan,Rodriguez,ryan.rodriguez@gmail.com,2025-01-18T22:45:51,google_search,False,False,False
cust_00308,Jack,Cook,jack.cook@gmail.com,2026-07-02T00:45:32,snap,True,False,False
cust_00309,Mark,Baker,mark.baker@gmail.com,2024-08-26T05:34:01,meta,True,False,False
cust_00310,Dennis,Nelson,dennis.nelson@yahoo.com,2024-01-19T11:31:15,meta,True,True,False
cust_00311,Karen,Campbell,karen.campbell@gmail.com,2025-03-12T17:42:19,snap,True,False,False
cust_00312,Thomas,Brown,thomas.brown@gmail.com,2024-01-11T11:10:40,youtube,True,False,False
cust_00313,Katherine,Ramirez,katherine.ramirez@outlook.com,2024-05-17T05:39:43,google_search,True,False,False
cust_00314,Edward,Clark,edward.clark@gmail.com,2025-04-14T01:35:34,meta,True,False,False
cust_00315,Timothy,Rivera,timothy.rivera@hotmail.com,2025-01-24T18:06:37,google_search,True,True,False
cust_00316,Gary,Perez,gary.perez@gmail.com,2025-04-11T00:27:14,meta,False,True,False
cust_00317,Linda,Young,linda.young@yahoo.com,2024-08-28T07:41:52,google_search,True,True,False
cust_00318,Rebecca,Clark,rebecca.clark@icloud.com,2025-02-19T02:11:13,google_search,True,False,False
cust_00319,Ryan,Young,ryan.young@gmail.com,2024-11-16T19:34:26,meta,True,True,False
cust_00320,Kevin,Hernandez,kevin.hernandez@yahoo.com,2026-04-24T10:46:38,tiktok,True,True,False
cust_00321,Ronald,Reed,ronald.reed@comcast.net,2025-01-09T02:10:47,snap,True,False,False
cust_00322,Ryan,Howard,ryan.howard@hotmail.com,2023-11-24T15:21:46,organic_direct,True,False,False
cust_00323,Brenda,Kim,brenda.kim@gmail.com,2023-10-19T10:47:17,google_search,False,False,False
cust_00324,Joshua,Perez,joshua.perez@gmail.com,2024-12-24T10:44:06,tiktok,True,False,False
cust_00325,Raymond,Hall,raymond.hall@gmail.com,2025-04-06T02:36:48,organic_direct,True,True,False
cust_00326,Samantha,Green,samantha.green@outlook.com,2023-12-29T17:06:40,youtube,True,True,False
cust_00327,Dorothy,Miller,dorothy.miller@hotmail.com,2026-01-31T14:50:35,google_search,True,False,False
cust_00328,Scott,Howard,scott.howard@gmail.com,2026-07-12T10:02:41,meta,True,False,False
cust_00329,Charles,Reed,charles.reed@gmail.com,2024-10-05T03:49:12,dv360,True,True,False
cust_00330,Rebecca,Ortiz,rebecca.ortiz@protonmail.com,2025-01-25T11:03:18,tiktok,True,False,False
cust_00331,Michael,Reed,michael.reed@gmail.com,2024-03-05T19:47:06,tiktok,True,False,False
cust_00332,Jason,Reed,jason.reed@outlook.com,2024-12-14T06:54:29,meta,True,True,False
cust_00333,George,Sanchez,george.sanchez2@outlook.com,2026-01-27T00:40:51,organic_direct,True,False,False
cust_00334,Ryan,Wright,ryan.wright@aol.com,2024-03-06T12:42:54,google_search,True,False,False
cust_00335,Edward,Phillips,edward.phillips@icloud.com,2024-01-11T05:58:30,meta,True,False,False
cust_00336,Gary,Wilson,gary.wilson@yahoo.com,2026-02-15T03:33:46,youtube,True,True,False
cust_00337,Anna,Gomez,anna.gomez@gmail.com,2025-11-22T15:35:36,meta,True,True,False
cust_00338,Alexander,Cox,alexander.cox@gmail.com,2026-06-26T04:59:47,youtube,True,False,False
cust_00339,Karen,Williams,karen.williams@gmail.com,2026-06-09T02:08:17,meta,False,False,False
cust_00340,Melissa,Nelson,melissa.nelson@gmail.com,2026-01-21T05:05:31,tiktok,True,False,False
cust_00341,Christine,Gonzalez,christine.gonzalez@yahoo.com,2025-12-16T03:39:00,snap,True,False,False
cust_00342,Rebecca,Martin,rebecca.martin@outlook.com,2026-05-29T09:59:31,organic_direct,True,False,False
cust_00343,Edward,Smith,edward.smith@gmail.com,2025-10-28T14:23:06,youtube,False,True,False
cust_00344,Deleted,User,deleted_user_00344@deleted.kinetic.invalid,2025-09-05T00:35:01,google_search,False,False,True
cust_00345,Michelle,Baker,michelle.baker@gmail.com,2024-12-19T08:53:16,snap,True,False,False
cust_00346,Jennifer,Robinson,jennifer.robinson@yahoo.com,2025-08-12T12:23:48,organic_direct,True,False,False
cust_00347,Lisa,Harris,lisa.harris@gmail.com,2025-03-17T11:27:21,google_search,True,False,False
cust_00348,Sandra,Howard,sandra.howard@outlook.com,2025-02-11T11:01:31,tiktok,True,False,False
cust_00349,Deleted,User,deleted_user_00349@deleted.kinetic.invalid,2025-08-29T13:17:09,snap,False,False,True
cust_00350,Betty,Parker,betty.parker@gmail.com,2025-07-29T15:52:24,organic_direct,True,True,False
cust_00351,Brenda,Rogers,brenda.rogers@gmail.com,2026-01-15T05:47:34,dv360,True,False,False
cust_00352,Richard,Cooper,richard.cooper@icloud.com,2023-08-30T04:11:02,tiktok,False,True,False
cust_00353,Emma,Stewart,emma.stewart@gmail.com,2024-10-22T11:49:05,dv360,False,True,False
cust_00354,Scott,Moore,scott.moore@hotmail.com,2024-03-28T14:52:55,meta,False,False,False
cust_00355,Timothy,Robinson,timothy.robinson@gmail.com,2026-05-27T02:04:32,meta,True,True,False
cust_00356,Thomas,Kelly,thomas.kelly@gmail.com,2026-01-14T07:21:49,tiktok,True,True,False
cust_00357,Christine,Morris,christine.morris@icloud.com,2025-04-27T05:40:42,google_search,True,True,False
cust_00358,Christine,King,christine.king@yahoo.com,2025-06-25T15:21:01,dv360,True,True,False
cust_00359,Maria,Ortiz,maria.ortiz@icloud.com,2024-07-16T23:26:54,organic_direct,True,False,False
cust_00360,Ashley,Robinson,ashley.robinson@gmail.com,2025-02-09T11:33:41,tiktok,True,True,False
cust_00361,Michelle,Collins,michelle.collins@icloud.com,2025-05-24T01:58:15,tiktok,False,True,False
cust_00362,Susan,White,susan.white@outlook.com,2025-06-28T13:17:33,google_search,True,True,False
cust_00363,Michael,Clark,michael.clark@hotmail.com,2025-07-09T04:57:29,meta,False,False,False
cust_00364,Thomas,Clark,thomas.clark@hotmail.com,2024-08-18T19:59:31,meta,True,True,False
cust_00365,Janet,Ramos,janet.ramos@gmail.com,2025-06-20T07:34:58,meta,True,False,False
cust_00366,Richard,Mitchell,richard.mitchell@gmail.com,2026-02-14T16:07:37,tiktok,True,False,False
cust_00367,Patricia,Gomez,patricia.gomez@gmail.com,2025-05-23T01:11:35,dv360,True,False,False
cust_00368,Kimberly,Flores,kimberly.flores@yahoo.com,2025-12-10T06:57:06,tiktok,False,True,False
cust_00369,Patrick,Gonzalez,patrick.gonzalez@gmail.com,2025-03-12T06:20:17,meta,False,True,False
cust_00370,Dorothy,Kelly,dorothy.kelly@gmail.com,2024-01-01T02:01:21,meta,True,True,False
cust_00371,Charles,Lee,charles.lee@gmail.com,2024-11-10T00:43:55,meta,True,False,False
cust_00372,Carol,Reyes,carol.reyes@yahoo.com,2023-11-29T12:42:35,google_search,True,True,False
cust_00373,Andrew,Scott,andrew.scott@gmail.com,2024-02-09T03:14:29,organic_direct,True,False,False
cust_00374,Barbara,Reyes,barbara.reyes@aol.com,2025-02-02T21:48:00,meta,True,False,False
cust_00375,Karen,Hill,karen.hill@gmail.com,2026-05-25T13:03:06,tiktok,True,True,False
cust_00376,Rebecca,Collins,rebecca.collins@yahoo.com,2023-12-20T05:34:54,google_search,True,True,False
cust_00377,Scott,Garcia,scott.garcia@gmail.com,2025-01-26T11:41:36,organic_direct,True,False,False
cust_00378,Lisa,Collins,lisa.collins@yahoo.com,2024-03-25T23:13:15,meta,True,False,False
cust_00379,Sarah,Thomas,sarah.thomas@gmail.com,2024-08-15T20:57:26,dv360,True,True,False
cust_00380,Barbara,Bailey,barbara.bailey@aol.com,2025-04-28T13:29:05,google_search,True,False,False
cust_00381,Deborah,Stewart,deborah.stewart@hotmail.com,2024-02-13T10:01:00,dv360,True,True,False
cust_00382,Stephen,Howard,stephen.howard@yahoo.com,2025-05-04T03:45:21,meta,True,True,False
cust_00383,Paul,Edwards,paul.edwards@outlook.com,2026-01-14T17:29:38,youtube,True,False,False
cust_00384,Jack,Morris,jack.morris@icloud.com,2024-04-06T13:58:20,tiktok,True,False,False
cust_00385,James,Rodriguez,james.rodriguez@gmail.com,2024-09-19T15:53:10,youtube,True,True,False
cust_00386,Kathleen,Rodriguez,kathleen.rodriguez@gmail.com,2024-04-06T19:04:05,meta,True,True,False
cust_00387,Janet,Reyes,janet.reyes@hotmail.com,2026-03-27T14:28:23,google_search,True,False,False
cust_00388,Ashley,Morgan,ashley.morgan@gmail.com,2024-09-01T03:49:19,meta,True,True,False
cust_00389,Matthew,Reed,matthew.reed@outlook.com,2025-07-18T15:46:12,google_search,True,True,False
cust_00390,Edward,Johnson,edward.johnson@outlook.com,2024-08-28T10:50:20,meta,True,False,False
cust_00391,Laura,Sanchez,laura.sanchez@yahoo.com,2024-07-12T22:03:46,tiktok,True,True,False
cust_00392,Karen,King,karen.king@outlook.com,2026-01-15T13:57:39,google_search,True,False,False
cust_00393,Sandra,Thompson,sandra.thompson2@gmail.com,2025-08-26T04:32:06,google_search,True,False,False
cust_00394,Robert,Jackson,robert.jackson@yahoo.com,2024-03-14T21:32:18,organic_direct,True,True,False
cust_00395,Matthew,Morales,matthew.morales@gmail.com,2024-05-26T12:18:49,google_search,True,False,False
cust_00396,Samuel,Parker,samuel.parker@gmail.com,2024-10-23T13:10:17,tiktok,True,True,False
cust_00397,Jeffrey,Bailey,jeffrey.bailey@gmail.com,2026-07-12T04:55:38,tiktok,True,True,False
cust_00398,Emily,Thompson,emily.thompson@outlook.com,2026-01-09T06:48:42,meta,True,False,False
cust_00399,Donald,King,donald.king@outlook.com,2024-06-12T07:16:09,google_search,True,True,False
cust_00400,Ashley,Thomas,ashley.thomas@yahoo.com,2026-07-18T01:39:03,meta,True,False,False
cust_00401,Helen,Gomez,helen.gomez@gmail.com,2023-12-13T16:26:36,snap,True,False,False
cust_00402,Kevin,Jones,kevin.jones@hotmail.com,2025-11-07T15:45:25,youtube,True,False,False
cust_00403,Anthony,Wilson,anthony.wilson@gmail.com,2024-06-04T10:54:56,dv360,True,True,False
cust_00404,Linda,Martin,linda.martin@gmail.com,2025-06-15T02:44:17,google_search,True,False,False
cust_00405,Ronald,Hill,ronald.hill@icloud.com,2026-03-15T12:30:55,google_search,True,True,False
cust_00406,Jeffrey,Rodriguez,jeffrey.rodriguez@icloud.com,2025-11-10T13:00:12,organic_direct,True,True,False
cust_00407,Daniel,Peterson,daniel.peterson@gmail.com,2024-10-15T01:53:41,meta,True,True,False
cust_00408,Donna,Parker,donna.parker@gmail.com,2023-11-25T13:25:08,organic_direct,False,True,False
cust_00409,Dorothy,Stewart,dorothy.stewart@gmail.com,2025-09-06T19:13:11,google_search,True,True,False
cust_00410,Matthew,Peterson,matthew.peterson@aol.com,2024-11-03T03:52:02,youtube,True,False,False
cust_00411,Charles,Garcia,charles.garcia@gmail.com,2023-12-03T10:28:47,tiktok,True,True,False
cust_00412,James,Kim,james.kim@hotmail.com,2025-08-31T22:22:28,organic_direct,True,True,False
cust_00413,Daniel,Wright,daniel.wright@gmail.com,2025-03-10T00:13:31,tiktok,True,False,False
cust_00414,Lisa,Nguyen,lisa.nguyen@yahoo.com,2025-01-14T00:48:44,youtube,True,False,False
cust_00415,Betty,Ramos,betty.ramos@outlook.com,2026-01-04T14:15:16,tiktok,True,False,False
cust_00416,Angela,Rivera,angela.rivera@gmail.com,2024-02-01T19:37:03,dv360,True,False,False
cust_00417,Kathleen,Cruz,kathleen.cruz@yahoo.com,2026-01-07T05:54:09,google_search,True,True,False
cust_00418,Kevin,Peterson,kevin.peterson@hotmail.com,2026-02-26T07:14:29,meta,False,False,False
cust_00419,Stephanie,White,stephanie.white@gmail.com,2023-12-09T21:38:27,organic_direct,False,False,False
cust_00420,Matthew,Lopez,matthew.lopez@comcast.net,2024-06-08T13:37:25,youtube,True,True,False
cust_00421,Cynthia,Murphy,cynthia.murphy@icloud.com,2023-12-13T16:38:12,snap,True,False,False
cust_00422,Nicholas,Anderson,nicholas.anderson@outlook.com,2025-09-28T13:31:59,meta,True,True,False
cust_00423,Barbara,Hill,barbara.hill@yahoo.com,2024-02-28T03:21:36,meta,True,False,False
cust_00424,Christopher,Ramos,christopher.ramos@gmail.com,2026-01-21T02:10:48,tiktok,True,False,False
cust_00425,Patricia,Ramos,patricia.ramos@yahoo.com,2025-01-15T16:55:53,tiktok,True,False,False
cust_00426,Ryan,Rogers,ryan.rogers@gmail.com,2025-12-19T20:59:19,tiktok,True,True,False
cust_00427,Frank,Hall,frank.hall@gmail.com,2025-10-29T14:47:25,tiktok,True,True,False
cust_00428,James,Clark,james.clark@gmail.com,2026-01-19T13:57:26,meta,True,False,False
cust_00429,William,Thomas,william.thomas@gmail.com,2025-12-16T03:12:22,meta,True,False,False
cust_00430,Diane,Nguyen,diane.nguyen@gmail.com,2024-01-13T06:45:07,dv360,True,False,False
cust_00431,Steven,Reyes,steven.reyes@gmail.com,2025-10-02T20:38:50,meta,True,True,False
cust_00432,Jennifer,King,jennifer.king@gmail.com,2025-08-21T05:04:20,tiktok,False,True,False
cust_00433,Janet,Thomas,janet.thomas@yahoo.com,2025-05-23T07:58:56,meta,False,True,False
cust_00434,Timothy,Young,timothy.young@icloud.com,2025-02-08T08:55:28,meta,True,False,False
cust_00435,Jacob,Bailey,jacob.bailey@yahoo.com,2025-04-25T23:22:53,google_search,True,False,False
cust_00436,Christopher,Cook,christopher.cook@hotmail.com,2025-11-22T17:42:34,meta,True,True,False
cust_00437,Nicholas,Morales,nicholas.morales@yahoo.com,2024-04-07T06:25:15,meta,True,True,False
cust_00438,Christine,Edwards,christine.edwards@gmail.com,2025-11-25T18:11:02,google_search,True,False,False
cust_00439,Jacob,Collins,jacob.collins@icloud.com,2024-09-24T12:23:06,snap,True,False,False
cust_00440,Robert,Cruz,robert.cruz@gmail.com,2024-01-07T08:25:39,youtube,True,False,False
cust_00441,Justin,Gomez,justin.gomez@hotmail.com,2025-01-09T17:19:35,google_search,True,False,False
cust_00442,Nicole,Cox,nicole.cox@outlook.com,2023-12-18T00:39:23,tiktok,True,False,False
cust_00443,Katherine,Gomez,katherine.gomez@gmail.com,2026-05-29T17:26:44,tiktok,True,True,False
cust_00444,Justin,Cruz,justin.cruz@gmail.com,2024-01-28T11:15:47,snap,True,False,False
cust_00445,Steven,Moore,steven.moore@gmail.com,2026-02-22T16:36:33,google_search,True,True,False
cust_00446,Patrick,Rodriguez,patrick.rodriguez@gmail.com,2025-01-07T21:02:00,meta,True,False,False
cust_00447,Melissa,Cox,melissa.cox@gmail.com,2024-01-15T18:08:56,organic_direct,True,False,False
cust_00448,Rachel,Gomez,rachel.gomez@gmail.com,2026-04-06T20:41:32,tiktok,True,True,False
cust_00449,William,Martin,william.martin@outlook.com,2023-11-28T18:20:02,google_search,True,False,False
cust_00450,Alexander,Perez,alexander.perez@icloud.com,2023-12-14T13:11:02,meta,True,False,False
cust_00451,Elizabeth,Hill,elizabeth.hill@outlook.com,2026-01-29T12:14:27,google_search,True,False,False
cust_00452,Deleted,User,deleted_user_00452@deleted.kinetic.invalid,2024-11-21T08:02:34,organic_direct,False,False,True
cust_00453,Amy,Johnson,amy.johnson@gmail.com,2026-07-04T00:12:14,tiktok,True,False,False
cust_00454,Margaret,Mitchell,margaret.mitchell@icloud.com,2023-08-17T00:44:59,meta,True,False,False
cust_00455,Ronald,White,ronald.white@gmail.com,2025-05-31T20:33:46,dv360,True,True,False
cust_00456,Kathleen,Morgan,kathleen.morgan@hotmail.com,2024-03-03T13:21:33,google_search,True,True,False
cust_00457,Karen,Gonzalez,karen.gonzalez@yahoo.com,2024-04-01T18:42:08,google_search,True,False,False
cust_00458,Nicholas,Morales,nicholas.morales@outlook.com,2024-11-14T00:07:58,tiktok,True,False,False
cust_00459,Laura,Stewart,laura.stewart@gmail.com,2026-04-16T03:05:17,google_search,False,True,False
cust_00460,Carol,Wright,carol.wright@icloud.com,2025-11-08T19:03:42,tiktok,True,False,False
cust_00461,Jack,Martin,jack.martin@gmail.com,2026-05-25T02:50:11,meta,True,False,False
cust_00462,John,Diaz,john.diaz@gmail.com,2025-06-26T17:23:05,youtube,False,True,False
cust_00463,Dennis,Walker,dennis.walker@yahoo.com,2025-12-09T01:48:44,tiktok,True,True,False
cust_00464,Edward,Cook,edward.cook@outlook.com,2023-12-08T13:07:35,tiktok,True,True,False
cust_00465,Maria,Ramirez,maria.ramirez@gmail.com,2026-06-08T18:03:04,meta,True,False,False
cust_00466,Karen,Evans,karen.evans@yahoo.com,2024-11-05T20:18:50,google_search,True,True,False
cust_00467,Betty,Adams,betty.adams@aol.com,2024-05-01T19:53:27,google_search,True,False,False
cust_00468,Deleted,User,deleted_user_00468@deleted.kinetic.invalid,2024-02-01T13:00:32,organic_direct,False,False,True
cust_00469,John,Scott,john.scott@gmail.com,2025-10-17T16:19:57,google_search,False,True,False
cust_00470,Diane,Thomas,diane.thomas@hotmail.com,2024-03-04T18:35:07,tiktok,True,False,False
cust_00471,Karen,Evans,karen.evans@outlook.com,2023-10-27T10:04:49,snap,True,False,False
cust_00472,Christine,Kelly,christine.kelly@outlook.com,2024-01-09T19:38:08,meta,False,False,False
cust_00473,Joshua,Torres,joshua.torres@hotmail.com,2026-03-03T04:17:36,organic_direct,True,True,False
cust_00474,Christine,Evans,christine.evans@yahoo.com,2025-11-01T17:31:06,google_search,True,False,False
cust_00475,Shirley,Rodriguez,shirley.rodriguez@icloud.com,2024-10-25T16:22:00,youtube,True,False,False
cust_00476,Cynthia,Young,cynthia.young@yahoo.com,2024-09-24T12:28:18,tiktok,True,False,False
cust_00477,Jennifer,Sanchez,jennifer.sanchez@aol.com,2025-08-16T16:08:56,meta,True,True,False
cust_00478,Susan,Lewis,susan.lewis@icloud.com,2026-03-31T01:33:42,meta,True,False,False
cust_00479,Kenneth,Stewart,kenneth.stewart@gmail.com,2024-06-17T05:48:44,organic_direct,True,True,False
cust_00480,Brandon,Kim,brandon.kim@outlook.com,2026-07-17T21:43:06,tiktok,True,True,False
cust_00481,Betty,Gonzalez,betty.gonzalez@comcast.net,2026-04-01T01:45:01,organic_direct,True,True,False
cust_00482,Gregory,Wilson,gregory.wilson@yahoo.com,2026-05-26T05:03:24,snap,True,False,False
cust_00483,Jeffrey,Diaz,jeffrey.diaz@gmail.com,2025-11-21T12:28:24,organic_direct,True,True,False
cust_00484,Larry,Phillips,larry.phillips@yahoo.com,2026-04-09T09:15:42,youtube,True,True,False
cust_00485,Raymond,Richardson,raymond.richardson@comcast.net,2026-06-20T16:45:08,google_search,True,True,False
cust_00486,Scott,Peterson,scott.peterson@hotmail.com,2026-02-20T23:40:10,meta,True,False,False
cust_00487,Benjamin,Thompson,benjamin.thompson@yahoo.com,2024-11-27T05:30:36,google_search,True,True,False
cust_00488,Mark,Adams,mark.adams@hotmail.com,2025-11-13T17:45:29,organic_direct,False,True,False
cust_00489,Sarah,Hill,sarah.hill@comcast.net,2025-02-03T21:01:35,organic_direct,True,True,False
cust_00490,Richard,Martinez,richard.martinez@outlook.com,2025-01-17T12:30:18,google_search,True,False,False
cust_00491,Karen,Sanchez,karen.sanchez@outlook.com,2026-07-06T08:57:30,organic_direct,False,False,False
cust_00492,John,Kim,john.kim@icloud.com,2025-01-09T05:52:04,google_search,True,False,False
cust_00493,Stephanie,Allen,stephanie.allen@icloud.com,2024-03-21T19:41:28,snap,True,True,False
cust_00494,Margaret,Evans,margaret.evans@comcast.net,2025-02-09T16:12:38,meta,True,False,False
cust_00495,Lisa,Martin,lisa.martin@gmail.com,2024-10-23T05:27:23,tiktok,True,True,False
cust_00496,Lisa,Lopez,lisa.lopez@gmail.com,2024-07-11T19:31:05,tiktok,True,True,False
cust_00497,Raymond,Nguyen,raymond.nguyen@icloud.com,2025-02-06T09:08:43,meta,True,False,False
cust_00498,Mark,Sanchez,mark.sanchez@gmail.com,2024-05-07T18:45:25,dv360,False,True,False
cust_00499,Kenneth,Scott,kenneth.scott@icloud.com,2026-02-18T01:34:05,google_search,True,True,False
cust_00500,John,Carter,john.carter@gmail.com,2026-06-28T05:35:34,meta,True,False,False
cust_00501,Diane,Roberts,diane.roberts@aol.com,2023-12-23T15:48:56,meta,True,False,False
cust_00502,David,Taylor,david.taylor@icloud.com,2025-04-28T03:30:20,google_search,True,False,False
cust_00503,Nancy,Rodriguez,nancy.rodriguez@outlook.com,2025-11-05T14:14:41,google_search,True,False,False
cust_00504,Frank,Bailey,frank.bailey@gmail.com,2025-01-28T04:58:16,meta,True,True,False
cust_00505,Daniel,Ward,daniel.ward@gmail.com,2024-07-15T02:44:34,tiktok,True,False,False
cust_00506,Charles,Clark,charles.clark@outlook.com,2024-10-25T11:09:52,dv360,True,False,False
cust_00507,Lisa,Roberts,lisa.roberts@gmail.com,2025-08-30T18:16:05,tiktok,True,True,False
cust_00508,Maria,Parker,maria.parker@comcast.net,2025-01-11T19:12:19,google_search,True,True,False
cust_00509,Jonathan,Torres,jonathan.torres@yahoo.com,2026-06-04T15:35:07,meta,True,False,False
cust_00510,Rebecca,Nguyen,rebecca.nguyen@gmail.com,2025-11-26T06:25:28,tiktok,False,True,False
cust_00511,Dennis,Johnson,dennis.johnson@gmail.com,2024-06-03T20:41:45,snap,True,True,False
cust_00512,Christopher,Parker,christopher.parker@gmail.com,2026-01-20T18:53:56,google_search,True,False,False
cust_00513,Ronald,Ramirez,ronald.ramirez@icloud.com,2025-07-13T10:10:23,tiktok,False,False,False
cust_00514,Carol,Kelly,carol.kelly@gmail.com,2024-08-15T16:59:09,meta,True,False,False
cust_00515,John,Brown,john.brown@gmail.com,2024-01-18T12:43:35,google_search,False,True,False
cust_00516,Stephen,Stewart,stephen.stewart@gmail.com,2025-04-16T21:46:49,tiktok,True,False,False
cust_00517,Andrew,Brown,andrew.brown@yahoo.com,2026-06-27T00:49:14,tiktok,True,True,False
cust_00518,Alexander,Thomas,alexander.thomas@yahoo.com,2026-01-22T19:23:37,meta,True,False,False
cust_00519,Nicholas,Ward,nicholas.ward@gmail.com,2024-02-07T08:04:54,snap,True,True,False
cust_00520,Rebecca,White,rebecca.white@outlook.com,2025-12-03T23:21:49,tiktok,True,True,False
cust_00521,Margaret,Lopez,margaret.lopez@outlook.com,2025-12-07T15:20:42,meta,False,True,False
cust_00522,Michelle,Stewart,michelle.stewart@icloud.com,2025-04-04T13:10:25,google_search,True,False,False
cust_00523,Eric,Richardson,eric.richardson@icloud.com,2025-09-22T11:10:13,tiktok,True,False,False
cust_00524,Stephen,Kim,stephen.kim@aol.com,2025-01-03T21:17:04,dv360,False,False,False
cust_00525,Larry,Perez,larry.perez@gmail.com,2025-04-20T09:30:15,meta,True,False,False
cust_00526,Benjamin,Robinson,benjamin.robinson@aol.com,2024-09-11T03:16:21,meta,True,True,False
cust_00527,Jack,Peterson,jack.peterson@gmail.com,2025-09-06T22:00:39,meta,True,True,False
cust_00528,Susan,Davis,susan.davis@yahoo.com,2025-01-22T08:27:22,meta,True,False,False
cust_00529,Jessica,Cruz,jessica.cruz@gmail.com,2026-01-19T05:05:23,google_search,True,False,False
cust_00530,Janet,Turner,janet.turner@yahoo.com,2025-01-28T12:51:11,tiktok,True,True,False
cust_00531,Frank,Bailey,frank.bailey@protonmail.com,2024-02-25T10:40:01,tiktok,True,True,False
cust_00532,Richard,Nelson,richard.nelson@gmail.com,2026-01-18T20:19:39,dv360,True,True,False
cust_00533,Debra,Kelly,debra.kelly@outlook.com,2023-11-07T12:50:26,tiktok,False,False,False
cust_00534,Rachel,Brown,rachel.brown@gmail.com,2023-09-26T19:42:04,youtube,True,True,False
cust_00535,Sarah,Ramos,sarah.ramos@gmail.com,2026-02-23T21:30:44,youtube,True,False,False
cust_00536,Linda,White,linda.white@aol.com,2026-02-21T20:42:03,organic_direct,False,True,False
cust_00537,Stephen,Rodriguez,stephen.rodriguez@icloud.com,2024-11-19T21:03:00,youtube,True,True,False
cust_00538,Thomas,Ortiz,thomas.ortiz@protonmail.com,2023-11-27T15:49:14,meta,False,True,False
cust_00539,Charles,White,charles.white@protonmail.com,2025-12-15T04:14:58,organic_direct,True,True,False
cust_00540,Samuel,Jackson,samuel.jackson@hotmail.com,2025-06-16T22:13:24,youtube,True,True,False
cust_00541,Jason,Jones,jason.jones@outlook.com,2023-10-11T18:12:45,snap,True,False,False
cust_00542,Sandra,Gonzalez,sandra.gonzalez@yahoo.com,2026-01-27T10:00:19,snap,True,True,False
cust_00543,Betty,Morgan,betty.morgan@gmail.com,2024-01-31T00:23:35,tiktok,True,False,False
cust_00544,Jacob,Edwards,jacob.edwards@icloud.com,2025-07-26T19:59:47,organic_direct,True,False,False
cust_00545,Laura,Young,laura.young@icloud.com,2024-11-28T02:50:24,meta,True,True,False
cust_00546,Frank,Stewart,frank.stewart@gmail.com,2025-03-18T23:06:24,google_search,True,False,False
cust_00547,Maria,King,maria.king@yahoo.com,2024-09-14T01:10:27,tiktok,True,False,False
cust_00548,Laura,Allen,laura.allen@gmail.com,2024-10-23T15:41:44,organic_direct,True,False,False
cust_00549,Barbara,Cruz,barbara.cruz@yahoo.com,2025-12-18T15:06:58,tiktok,True,False,False
cust_00550,Sandra,Robinson,sandra.robinson@gmail.com,2025-04-30T20:42:21,meta,True,True,False
cust_00551,Jeffrey,Young,jeffrey.young@yahoo.com,2025-11-11T11:32:16,tiktok,True,False,False
cust_00552,Nancy,Parker,nancy.parker@gmail.com,2025-10-09T01:44:06,meta,True,False,False
cust_00553,Anna,Ramos,anna.ramos@gmail.com,2025-07-14T05:33:18,meta,True,False,False
cust_00554,Deborah,Campbell,deborah.campbell@comcast.net,2025-05-11T00:35:56,meta,True,True,False
cust_00555,Patricia,Wright,patricia.wright@gmail.com,2025-07-06T19:16:40,tiktok,False,False,False
cust_00556,Anna,Harris,anna.harris@hotmail.com,2025-06-28T22:53:04,meta,False,False,False
cust_00557,Amy,Brown,amy.brown@icloud.com,2025-06-14T15:43:42,meta,True,True,False
cust_00558,Raymond,Nelson,raymond.nelson@gmail.com,2024-01-21T10:30:31,google_search,True,False,False
cust_00559,Laura,Wright,laura.wright@gmail.com,2024-12-12T18:09:10,google_search,True,False,False
cust_00560,Elizabeth,Gonzalez,elizabeth.gonzalez@gmail.com,2026-05-28T04:04:56,youtube,True,False,False
cust_00561,Joseph,Nelson,joseph.nelson@comcast.net,2024-09-25T01:56:15,google_search,True,True,False
cust_00562,Debra,Sanchez,debra.sanchez@outlook.com,2024-08-26T09:17:20,meta,True,True,False
cust_00563,Brandon,Morgan,brandon.morgan@gmail.com,2026-03-13T20:12:07,google_search,True,True,False
cust_00564,Patricia,Rogers,patricia.rogers@icloud.com,2026-06-13T07:05:47,google_search,True,True,False
cust_00565,Carol,Ramirez,carol.ramirez@yahoo.com,2025-01-19T03:27:20,google_search,True,True,False
cust_00566,Carol,Morales,carol.morales@gmail.com,2025-12-19T00:30:05,tiktok,True,False,False
cust_00567,Shirley,Miller,shirley.miller@yahoo.com,2025-11-13T11:57:00,organic_direct,True,True,False
cust_00568,Ashley,Reed,ashley.reed@outlook.com,2025-11-26T17:08:37,snap,True,True,False
cust_00569,Charles,Stewart,charles.stewart@yahoo.com,2025-07-11T10:05:27,snap,False,False,False
cust_00570,Michelle,Gutierrez,michelle.gutierrez@aol.com,2024-05-09T17:55:16,meta,False,False,False
cust_00571,Elizabeth,Davis,elizabeth.davis@gmail.com,2025-01-21T23:31:49,meta,True,False,False
cust_00572,Joshua,Roberts,joshua.roberts@gmail.com,2025-09-01T02:21:45,snap,False,True,False
cust_00573,Michael,Nguyen,michael.nguyen@aol.com,2025-01-29T14:48:35,meta,True,False,False
cust_00574,Brian,Nguyen,brian.nguyen@icloud.com,2024-11-17T05:00:21,meta,True,True,False
cust_00575,James,Martin,james.martin@yahoo.com,2026-01-10T10:43:05,youtube,True,False,False
cust_00576,Gregory,Thomas,gregory.thomas@outlook.com,2025-09-23T04:37:40,meta,True,True,False
cust_00577,Carol,Ortiz,carol.ortiz@icloud.com,2024-06-11T04:31:42,tiktok,True,True,False
cust_00578,Timothy,Rogers,timothy.rogers@gmail.com,2025-01-26T21:18:19,tiktok,True,True,False
cust_00579,Frank,Davis,frank.davis@icloud.com,2025-03-08T16:22:46,tiktok,False,False,False
cust_00580,Dorothy,Robinson,dorothy.robinson@gmail.com,2024-12-23T04:09:23,organic_direct,True,True,False
cust_00581,George,Robinson,george.robinson@yahoo.com,2025-12-01T07:59:39,tiktok,False,False,False
cust_00582,Laura,Cruz,laura.cruz@yahoo.com,2023-09-19T15:44:36,meta,True,False,False
cust_00583,Donna,Flores,donna.flores@yahoo.com,2024-09-12T22:45:46,snap,True,True,False
cust_00584,Janet,Baker,janet.baker@gmail.com,2025-03-10T09:18:48,organic_direct,True,False,False
cust_00585,Amy,Morales,amy.morales@comcast.net,2026-04-18T07:14:03,google_search,True,False,False
cust_00586,Paul,Rivera,paul.rivera@gmail.com,2024-08-28T10:32:53,google_search,True,False,False
cust_00587,Anna,Harris,anna.harris@gmail.com,2024-11-08T11:16:31,google_search,True,True,False
cust_00588,Anna,Howard,anna.howard@gmail.com,2026-01-07T10:12:13,meta,True,False,False
cust_00589,Deleted,User,deleted_user_00589@deleted.kinetic.invalid,2026-03-04T20:50:21,organic_direct,False,False,True
cust_00590,Kenneth,Flores,kenneth.flores@icloud.com,2025-11-27T02:34:07,organic_direct,True,False,False
cust_00591,Sandra,Martin,sandra.martin@icloud.com,2024-10-18T03:16:42,meta,True,False,False
cust_00592,Brandon,Phillips,brandon.phillips@outlook.com,2024-06-06T20:49:47,youtube,True,True,False
cust_00593,Diane,Bailey,diane.bailey@icloud.com,2025-02-16T23:07:32,youtube,False,False,False
cust_00594,Lisa,White,lisa.white@gmail.com,2025-02-28T10:37:29,dv360,True,False,False
cust_00595,Andrew,Turner,andrew.turner@gmail.com,2024-07-13T20:07:35,dv360,True,False,False
cust_00596,Brandon,Nguyen,brandon.nguyen@outlook.com,2025-05-28T08:30:22,tiktok,True,True,False
cust_00597,Brian,Edwards,brian.edwards@aol.com,2024-11-10T02:52:01,dv360,True,True,False
cust_00598,Janet,Murphy,janet.murphy@outlook.com,2023-08-14T06:30:02,meta,True,True,False
cust_00599,Frank,Robinson,frank.robinson@hotmail.com,2024-09-22T04:53:37,snap,True,True,False
cust_00600,Jeffrey,Lopez,jeffrey.lopez@gmail.com,2024-02-06T11:08:38,meta,True,False,False
cust_00601,Kathleen,Roberts,kathleen.roberts@yahoo.com,2024-02-01T23:17:39,tiktok,False,True,False
cust_00602,Jessica,Collins,jessica.collins@yahoo.com,2025-08-18T10:58:42,tiktok,False,False,False
cust_00603,James,Adams,james.adams@yahoo.com,2024-12-04T15:31:17,organic_direct,True,False,False
cust_00604,Raymond,Howard,raymond.howard@yahoo.com,2025-06-26T06:07:22,google_search,True,False,False
cust_00605,Jack,White,jack.white@yahoo.com,2026-02-27T03:35:45,google_search,False,False,False
cust_00606,Kenneth,Campbell,kenneth.campbell@outlook.com,2024-01-30T15:26:15,meta,False,True,False
cust_00607,Karen,Peterson,karen.peterson@gmail.com,2025-07-30T03:42:36,tiktok,True,True,False
cust_00608,Larry,Kim,larry.kim@gmail.com,2026-02-24T23:40:13,meta,True,False,False
cust_00609,Sharon,Martinez,sharon.martinez@comcast.net,2024-09-10T09:10:05,tiktok,True,False,False
cust_00610,Jessica,Morgan,jessica.morgan@icloud.com,2026-05-23T14:52:13,meta,True,False,False
cust_00611,Cynthia,Perez,cynthia.perez@comcast.net,2023-12-26T11:04:36,google_search,True,False,False
cust_00612,Carolyn,Young,carolyn.young@hotmail.com,2024-12-22T12:48:22,meta,True,True,False
cust_00613,Ryan,Harris,ryan.harris@icloud.com,2024-07-24T16:58:14,google_search,True,True,False
cust_00614,Dorothy,Morales,dorothy.morales@gmail.com,2023-11-14T22:10:11,meta,True,True,False
cust_00615,Edward,Brown,edward.brown@hotmail.com,2024-04-12T21:57:18,organic_direct,True,True,False
cust_00616,Gregory,Williams,gregory.williams@gmail.com,2023-08-19T18:34:36,organic_direct,True,True,False
cust_00617,Robert,Anderson,robert.anderson@comcast.net,2023-08-29T00:23:58,meta,True,False,False
cust_00618,Michael,Morris,michael.morris@hotmail.com,2025-03-09T17:29:50,google_search,True,False,False
cust_00619,Elizabeth,Howard,elizabeth.howard@comcast.net,2026-07-30T17:52:10,tiktok,False,False,False
cust_00620,Joshua,Kelly,joshua.kelly@yahoo.com,2025-08-25T00:59:44,meta,True,False,False
cust_00621,Raymond,Flores,raymond.flores@yahoo.com,2025-01-10T17:52:20,meta,True,True,False
cust_00622,Jennifer,Campbell,jennifer.campbell2@outlook.com,2023-09-16T15:50:57,organic_direct,True,True,False
cust_00623,Charles,Harris,charles.harris@yahoo.com,2026-06-02T15:27:04,tiktok,True,True,False
cust_00624,Sandra,Kim,sandra.kim@comcast.net,2026-04-16T10:50:10,google_search,False,True,False
cust_00625,James,Stewart,james.stewart@outlook.com,2023-08-22T10:40:00,google_search,True,False,False
cust_00626,Melissa,Peterson,melissa.peterson@gmail.com,2024-08-02T09:45:04,snap,False,False,False
cust_00627,Edward,Moore,edward.moore@gmail.com,2025-01-09T04:29:52,tiktok,False,False,False
cust_00628,Nancy,Brown,nancy.brown@yahoo.com,2025-02-22T23:32:21,organic_direct,True,True,False
cust_00629,Raymond,Hill,raymond.hill@yahoo.com,2025-09-21T23:41:47,organic_direct,True,True,False
cust_00630,Donna,King,donna.king@aol.com,2024-01-08T16:48:02,google_search,True,False,False
cust_00631,Ryan,Ramos,ryan.ramos@icloud.com,2024-11-17T20:13:46,snap,True,False,False
cust_00632,Charles,Mitchell,charles.mitchell@comcast.net,2024-01-20T11:10:35,dv360,True,True,False
cust_00633,Susan,Martin,susan.martin@icloud.com,2025-12-03T07:39:33,google_search,False,False,False
cust_00634,Paul,Campbell,paul.campbell@aol.com,2023-09-21T22:19:44,google_search,True,True,False
cust_00635,Brian,Lopez,brian.lopez@hotmail.com,2025-01-25T05:04:55,meta,True,False,False
cust_00636,Joseph,Perez,joseph.perez@hotmail.com,2026-05-21T18:57:46,meta,True,True,False
cust_00637,Raymond,Morales,raymond.morales@gmail.com,2024-03-06T04:29:27,organic_direct,True,False,False
cust_00638,Amanda,Howard,amanda.howard@icloud.com,2024-08-17T07:01:27,snap,True,False,False
cust_00639,Nancy,Martin,nancy.martin@hotmail.com,2025-03-30T04:28:35,meta,False,False,False
cust_00640,Brenda,Bailey,brenda.bailey@hotmail.com,2025-09-20T22:11:26,google_search,True,False,False
cust_00641,David,Mitchell,david.mitchell@gmail.com,2024-11-02T15:04:43,snap,True,True,False
cust_00642,Margaret,Anderson,margaret.anderson@icloud.com,2025-03-10T21:40:06,tiktok,True,True,False
cust_00643,Carol,Lee,carol.lee@gmail.com,2024-01-29T00:32:59,google_search,True,True,False
cust_00644,Edward,Nguyen,edward.nguyen@gmail.com,2025-01-27T21:59:20,tiktok,False,False,False
cust_00645,Jeffrey,Kim,jeffrey.kim@gmail.com,2025-06-13T16:22:45,tiktok,True,True,False
cust_00646,Patrick,Diaz,patrick.diaz@outlook.com,2024-11-24T09:11:13,youtube,True,False,False
cust_00647,Anthony,Evans,anthony.evans@gmail.com,2024-10-25T08:43:37,google_search,True,False,False
cust_00648,Richard,Morales,richard.morales@yahoo.com,2026-04-23T17:50:34,tiktok,True,False,False
cust_00649,Katherine,Johnson,katherine.johnson@icloud.com,2026-05-02T11:15:24,meta,True,False,False
cust_00650,Janet,Anderson,janet.anderson@hotmail.com,2024-11-02T09:25:33,organic_direct,True,False,False
cust_00651,Laura,Jones,laura.jones@gmail.com,2025-12-22T01:21:34,youtube,True,True,False
cust_00652,Lisa,Flores,lisa.flores@icloud.com,2026-02-14T09:03:48,google_search,True,True,False
cust_00653,Kevin,Miller,kevin.miller@icloud.com,2025-06-25T03:06:21,tiktok,True,False,False
cust_00654,Rachel,Collins,rachel.collins@icloud.com,2025-02-03T15:35:09,meta,True,True,False
cust_00655,Daniel,Howard,daniel.howard2@yahoo.com,2024-01-23T22:34:54,dv360,True,True,False
cust_00656,John,White,john.white@comcast.net,2025-02-27T00:18:03,meta,True,True,False
cust_00657,Paul,Wilson,paul.wilson@gmail.com,2025-06-29T20:29:57,meta,True,False,False
cust_00658,Rebecca,Jones,rebecca.jones@aol.com,2023-09-28T17:35:05,dv360,True,True,False
cust_00659,Richard,Hall,richard.hall@outlook.com,2024-06-20T17:25:30,dv360,True,True,False
cust_00660,Susan,Brown,susan.brown@yahoo.com,2026-04-20T10:33:02,meta,True,False,False
cust_00661,Christine,Flores,christine.flores@gmail.com,2023-10-12T11:37:25,google_search,True,True,False
cust_00662,Jacob,Cruz,jacob.cruz@comcast.net,2023-12-29T20:09:13,google_search,True,False,False
cust_00663,Brenda,Thomas,brenda.thomas@comcast.net,2023-08-07T14:23:35,dv360,True,True,False
cust_00664,Michael,Cook,michael.cook@gmail.com,2026-01-18T22:22:57,youtube,True,False,False
cust_00665,Lisa,Cox,lisa.cox@outlook.com,2026-04-29T00:23:16,meta,True,False,False
cust_00666,Brandon,Rivera,brandon.rivera@outlook.com,2024-05-23T11:56:43,dv360,False,False,False
cust_00667,Carolyn,Nelson,carolyn.nelson@gmail.com,2026-04-17T19:32:23,meta,True,True,False
cust_00668,Karen,Murphy,karen.murphy@outlook.com,2024-01-01T11:27:20,snap,True,False,False
cust_00669,Carol,Walker,carol.walker@outlook.com,2025-11-08T06:49:05,tiktok,True,False,False
cust_00670,Kimberly,Evans,kimberly.evans@icloud.com,2023-09-14T00:46:53,tiktok,True,True,False
cust_00671,Pamela,Baker,pamela.baker@outlook.com,2024-12-27T19:51:19,tiktok,True,True,False
cust_00672,Michelle,Phillips,michelle.phillips@gmail.com,2026-06-02T01:19:33,tiktok,True,False,False
cust_00673,Emily,Harris,emily.harris@gmail.com,2023-10-21T14:04:25,meta,False,False,False
cust_00674,Andrew,Campbell,andrew.campbell@icloud.com,2025-11-16T05:51:12,snap,True,True,False
cust_00675,Jennifer,Hall,jennifer.hall@yahoo.com,2025-11-30T16:08:18,meta,True,True,False
cust_00676,Raymond,Cooper,raymond.cooper@gmail.com,2025-07-17T21:15:22,meta,False,False,False
cust_00677,Jack,Edwards,jack.edwards@gmail.com,2024-07-09T13:06:21,meta,True,False,False
cust_00678,Emily,Miller,emily.miller@icloud.com,2026-05-17T20:32:31,meta,True,True,False
cust_00679,Shirley,Rivera,shirley.rivera@gmail.com,2026-04-06T00:57:07,meta,True,False,False
cust_00680,Kimberly,Gomez,kimberly.gomez@yahoo.com,2025-01-14T16:03:47,tiktok,False,False,False
cust_00681,Kenneth,Martin,kenneth.martin@yahoo.com,2024-05-08T10:46:21,dv360,True,True,False
cust_00682,Margaret,Roberts,margaret.roberts@gmail.com,2025-11-26T10:05:26,google_search,True,True,False
cust_00683,Christine,Hill,christine.hill@icloud.com,2025-07-21T19:39:09,tiktok,True,False,False
cust_00684,Robert,Moore,robert.moore@gmail.com,2025-06-30T03:38:00,meta,True,False,False
cust_00685,Patricia,Ramirez,patricia.ramirez@icloud.com,2024-11-22T10:08:34,tiktok,True,True,False
cust_00686,Shirley,Taylor,shirley.taylor@gmail.com,2023-08-26T08:47:31,organic_direct,True,True,False
cust_00687,Anthony,Scott,anthony.scott@hotmail.com,2025-12-03T15:49:44,google_search,True,False,False
cust_00688,Angela,Flores,angela.flores@yahoo.com,2024-09-03T11:02:54,meta,True,True,False
cust_00689,Dorothy,Robinson,dorothy.robinson@hotmail.com,2024-01-12T07:37:35,youtube,True,True,False
cust_00690,Sandra,Wright,sandra.wright@icloud.com,2024-09-14T23:58:34,google_search,True,False,False
cust_00691,Susan,Baker,susan.baker@gmail.com,2024-09-07T15:27:34,organic_direct,True,True,False
cust_00692,George,Rivera,george.rivera@gmail.com,2026-01-13T08:36:41,organic_direct,True,False,False
cust_00693,Kenneth,Thomas,kenneth.thomas@yahoo.com,2026-05-14T08:06:31,organic_direct,True,False,False
cust_00694,Katherine,Martin,katherine.martin@comcast.net,2025-09-30T15:21:43,dv360,True,True,False
cust_00695,Melissa,Sanchez,melissa.sanchez@icloud.com,2026-03-07T13:45:36,meta,False,False,False
cust_00696,Brenda,Evans,brenda.evans@gmail.com,2026-02-01T11:38:27,google_search,True,False,False
cust_00697,James,Rogers,james.rogers@gmail.com,2026-06-18T22:34:29,google_search,True,True,False
cust_00698,Angela,Smith,angela.smith@gmail.com,2023-12-06T14:21:10,meta,True,False,False
cust_00699,Ashley,Lewis,ashley.lewis@hotmail.com,2025-04-30T05:39:26,organic_direct,True,False,False
cust_00700,Edward,Nelson,edward.nelson@hotmail.com,2025-01-30T13:25:41,google_search,True,True,False
cust_00701,William,Martinez,william.martinez@outlook.com,2025-02-21T06:28:18,meta,True,False,False
cust_00702,Elizabeth,Moore,elizabeth.moore@gmail.com,2025-11-07T09:01:39,tiktok,True,False,False
cust_00703,Mary,Rogers,mary.rogers@yahoo.com,2026-02-26T20:25:19,tiktok,True,True,False
cust_00704,Sharon,Cook,sharon.cook@gmail.com,2024-12-18T11:26:10,tiktok,False,True,False
cust_00705,Maria,Sanchez,maria.sanchez@icloud.com,2024-01-29T22:26:20,meta,False,False,False
cust_00706,Andrew,Perez,andrew.perez@aol.com,2026-07-10T04:08:51,google_search,True,True,False
cust_00707,Stephen,Miller,stephen.miller@yahoo.com,2026-05-30T10:54:47,youtube,True,True,False
cust_00708,Frank,Reed,frank.reed@gmail.com,2025-11-25T20:03:16,tiktok,True,True,False
cust_00709,Barbara,Campbell,barbara.campbell@hotmail.com,2025-01-27T09:53:24,tiktok,True,False,False
cust_00710,Deleted,User,deleted_user_00710@deleted.kinetic.invalid,2026-01-24T09:05:29,youtube,False,False,True
cust_00711,Stephanie,Reed,stephanie.reed@gmail.com,2026-04-25T02:54:01,meta,True,True,False
cust_00712,Joshua,Allen,joshua.allen@gmail.com,2025-08-25T17:36:01,tiktok,True,True,False
cust_00713,Ashley,Taylor,ashley.taylor2@gmail.com,2025-11-15T10:02:03,tiktok,True,True,False
cust_00714,Scott,Garcia,scott.garcia@outlook.com,2023-10-04T21:49:36,organic_direct,True,False,False
cust_00715,Jason,Robinson,jason.robinson@outlook.com,2025-08-10T09:46:34,dv360,True,False,False
cust_00716,Emma,Thomas,emma.thomas@protonmail.com,2026-03-11T08:15:14,tiktok,True,True,False
cust_00717,Dorothy,Jackson,dorothy.jackson@yahoo.com,2026-01-05T12:53:57,tiktok,True,False,False
cust_00718,Kenneth,Cook,kenneth.cook@gmail.com,2025-09-28T20:18:37,google_search,True,False,False
cust_00719,Amy,Perez,amy.perez@yahoo.com,2025-03-20T05:12:04,google_search,True,True,False
cust_00720,Nancy,Green,nancy.green@outlook.com,2024-03-25T23:12:54,google_search,True,True,False
cust_00721,Anna,Cooper,anna.cooper@gmail.com,2024-02-24T02:51:28,youtube,True,False,False
cust_00722,Matthew,Lewis,matthew.lewis@gmail.com,2024-01-08T23:31:45,google_search,True,False,False
cust_00723,William,Peterson,william.peterson@gmail.com,2025-11-27T23:00:58,youtube,False,False,False
cust_00724,Heather,Allen,heather.allen@gmail.com,2024-05-19T04:52:36,meta,True,True,False
cust_00725,Charles,Ramirez,charles.ramirez@gmail.com,2024-02-13T02:18:34,meta,True,False,False
cust_00726,Diane,Lee,diane.lee@yahoo.com,2026-03-18T11:56:10,tiktok,True,True,False
cust_00727,Emily,Morris,emily.morris@icloud.com,2026-02-20T12:54:03,google_search,True,False,False
cust_00728,Nancy,Campbell,nancy.campbell@yahoo.com,2024-05-28T15:56:29,organic_direct,True,False,False
cust_00729,Emily,Jackson,emily.jackson@gmail.com,2026-02-12T20:15:54,meta,True,True,False
cust_00730,William,King,william.king@outlook.com,2023-09-14T07:00:40,meta,True,False,False
cust_00731,Helen,Davis,helen.davis@gmail.com,2025-11-23T17:47:18,meta,True,True,False
cust_00732,Michelle,Bailey,michelle.bailey@gmail.com,2024-08-08T23:45:26,organic_direct,True,True,False
cust_00733,Laura,Ward,laura.ward@gmail.com,2023-10-10T17:33:41,tiktok,True,True,False
cust_00734,Ronald,Carter,ronald.carter@gmail.com,2026-05-06T14:38:05,dv360,True,False,False
cust_00735,Andrew,Robinson,andrew.robinson@gmail.com,2024-08-17T02:07:05,tiktok,True,False,False
cust_00736,Jacob,Martinez,jacob.martinez@hotmail.com,2026-07-30T02:39:58,meta,True,False,False
cust_00737,Jessica,Phillips,jessica.phillips@gmail.com,2024-07-21T05:14:56,meta,False,False,False
cust_00738,Michael,Turner,michael.turner@gmail.com,2025-02-10T01:07:07,meta,True,False,False
cust_00739,Diane,Young,diane.young@gmail.com,2026-06-08T05:11:33,organic_direct,True,False,False
cust_00740,Emma,Kelly,emma.kelly@comcast.net,2024-12-21T09:29:06,dv360,True,True,False
cust_00741,Jack,Davis,jack.davis@icloud.com,2026-02-06T23:21:00,google_search,True,True,False
cust_00742,Jason,Rogers,jason.rogers@hotmail.com,2023-11-20T16:30:44,google_search,True,False,False
cust_00743,Robert,Miller,robert.miller@protonmail.com,2026-01-13T03:40:03,tiktok,True,False,False
cust_00744,Emma,Torres,emma.torres@comcast.net,2024-02-26T21:57:53,organic_direct,True,False,False
cust_00745,Paul,Turner,paul.turner@gmail.com,2024-10-02T04:10:54,tiktok,True,True,False
cust_00746,Thomas,Young,thomas.young@comcast.net,2023-12-29T06:23:32,meta,True,False,False
cust_00747,Raymond,Taylor,raymond.taylor@hotmail.com,2025-03-24T15:47:21,google_search,True,True,False
cust_00748,Laura,Ramirez,laura.ramirez@gmail.com,2024-06-09T23:31:39,tiktok,False,True,False
cust_00749,Gregory,Hill,gregory.hill@outlook.com,2025-11-12T10:57:02,organic_direct,True,False,False
cust_00750,Richard,Phillips,richard.phillips@protonmail.com,2026-01-01T04:33:53,tiktok,True,False,False
cust_00751,Shirley,Howard,shirley.howard@icloud.com,2024-11-19T13:21:52,tiktok,True,False,False
cust_00752,Shirley,Rogers,shirley.rogers@comcast.net,2023-09-16T04:03:52,google_search,True,True,False
cust_00753,Debra,Adams,debra.adams@hotmail.com,2025-07-22T18:37:40,tiktok,False,True,False
cust_00754,Janet,Morris,janet.morris@gmail.com,2025-11-14T10:36:54,google_search,False,False,False
cust_00755,Samuel,Cruz,samuel.cruz@gmail.com,2025-01-05T08:53:24,snap,True,True,False
cust_00756,George,Adams,george.adams@icloud.com,2026-02-21T17:11:39,organic_direct,True,False,False
cust_00757,Deborah,Wright,deborah.wright@aol.com,2024-01-28T22:00:56,meta,True,False,False
cust_00758,Daniel,Wilson,daniel.wilson@gmail.com,2026-05-05T16:55:12,dv360,True,False,False
cust_00759,Thomas,Cox,thomas.cox@icloud.com,2024-04-24T22:17:54,google_search,True,True,False
cust_00760,Patrick,Wright,patrick.wright@outlook.com,2024-08-21T01:45:41,meta,True,False,False
cust_00761,Nicole,Davis,nicole.davis@gmail.com,2026-01-04T23:17:32,meta,True,True,False
cust_00762,Christine,Ortiz,christine.ortiz@gmail.com,2023-10-24T03:46:52,tiktok,False,True,False
cust_00763,Dorothy,Davis,dorothy.davis@icloud.com,2025-04-12T11:04:37,google_search,True,True,False
cust_00764,Matthew,Bailey,matthew.bailey@yahoo.com,2025-09-10T04:47:14,tiktok,True,True,False
cust_00765,Nancy,Brown,nancy.brown@comcast.net,2024-12-07T06:05:25,meta,True,False,False
cust_00766,Christine,Kelly,christine.kelly@gmail.com,2024-12-03T04:42:51,meta,True,False,False
cust_00767,Katherine,Turner,katherine.turner@outlook.com,2023-10-12T02:54:34,google_search,True,True,False
cust_00768,Katherine,Baker,katherine.baker@icloud.com,2024-04-26T06:25:37,organic_direct,True,True,False
cust_00769,Nicole,Hall,nicole.hall@hotmail.com,2024-11-09T18:00:12,meta,True,True,False
cust_00770,Diane,Morgan,diane.morgan@outlook.com,2026-01-24T13:05:54,meta,True,True,False
cust_00771,Margaret,Lewis,margaret.lewis@gmail.com,2024-12-08T15:10:33,organic_direct,True,False,False
cust_00772,Emma,Morales,emma.morales@outlook.com,2025-05-12T14:15:50,meta,True,False,False
cust_00773,Sandra,Cox,sandra.cox@gmail.com,2024-09-13T19:55:23,youtube,True,False,False
cust_00774,Jennifer,Flores,jennifer.flores@gmail.com,2026-06-15T12:35:55,youtube,True,False,False
cust_00775,Michael,Clark,michael.clark@yahoo.com,2025-08-15T14:25:28,organic_direct,False,True,False
cust_00776,Rebecca,Campbell,rebecca.campbell@icloud.com,2025-01-06T12:30:19,tiktok,True,False,False
cust_00777,Patrick,Rogers,patrick.rogers@gmail.com,2024-02-25T05:38:30,tiktok,True,True,False
cust_00778,Donna,Jones,donna.jones@gmail.com,2025-02-12T18:46:43,meta,True,False,False
cust_00779,Joseph,Johnson,joseph.johnson@yahoo.com,2023-08-18T10:48:29,meta,True,False,False
cust_00780,Melissa,Wilson,melissa.wilson@icloud.com,2026-02-27T18:42:15,organic_direct,True,True,False
cust_00781,Frank,Reyes,frank.reyes@gmail.com,2024-12-10T22:53:59,snap,True,True,False
cust_00782,Michelle,Johnson,michelle.johnson@icloud.com,2025-04-07T16:13:57,meta,True,False,False
cust_00783,Steven,Flores,steven.flores@gmail.com,2025-05-06T05:50:50,google_search,False,False,False
cust_00784,Gary,Young,gary.young@gmail.com,2025-02-27T12:21:03,google_search,True,True,False
cust_00785,Amy,Mitchell,amy.mitchell@outlook.com,2025-12-17T20:26:21,meta,True,False,False
cust_00786,Stephen,Stewart,stephen.stewart2@gmail.com,2025-02-25T00:39:16,tiktok,True,False,False
cust_00787,Pamela,Turner,pamela.turner@yahoo.com,2023-11-23T23:20:26,meta,True,False,False
cust_00788,Brian,Walker,brian.walker@gmail.com,2024-04-24T07:10:47,meta,True,False,False
cust_00789,Donna,Ward,donna.ward@outlook.com,2025-03-24T10:35:55,meta,False,False,False
cust_00790,Stephen,Cook,stephen.cook@gmail.com,2026-01-30T20:24:20,organic_direct,False,True,False
cust_00791,Kathleen,Lee,kathleen.lee@hotmail.com,2026-04-26T19:06:45,meta,True,False,False
cust_00792,Ryan,King,ryan.king@outlook.com,2025-09-29T04:44:46,meta,True,False,False
cust_00793,Emma,Murphy,emma.murphy@yahoo.com,2024-01-17T22:50:57,google_search,True,False,False
cust_00794,Janet,Wright,janet.wright@gmail.com,2024-12-06T03:31:15,meta,True,False,False
cust_00795,Pamela,Thomas,pamela.thomas@gmail.com,2025-01-12T23:20:29,youtube,False,False,False
cust_00796,James,Turner,james.turner@icloud.com,2024-09-16T05:49:17,youtube,True,True,False
cust_00797,Jonathan,Flores,jonathan.flores@icloud.com,2025-04-21T22:56:27,organic_direct,False,False,False
cust_00798,Donna,Robinson,donna.robinson@gmail.com,2024-12-07T10:40:50,tiktok,False,True,False
cust_00799,Ronald,Garcia,ronald.garcia@gmail.com,2025-02-06T00:45:33,tiktok,False,False,False
cust_00800,Linda,White,linda.white@yahoo.com,2023-12-15T22:49:21,organic_direct,True,False,False
cust_00801,James,Hernandez,james.hernandez@aol.com,2025-06-20T07:49:17,meta,True,True,False
cust_00802,Emily,Jones,emily.jones@gmail.com,2024-05-21T01:35:25,google_search,False,True,False
cust_00803,Jessica,Flores,jessica.flores@icloud.com,2024-09-10T09:55:01,organic_direct,True,False,False
cust_00804,Kenneth,Murphy,kenneth.murphy@protonmail.com,2025-09-25T00:42:01,dv360,True,True,False
cust_00805,Shirley,Reyes,shirley.reyes@yahoo.com,2025-04-24T03:51:01,youtube,True,False,False
cust_00806,Alexander,Murphy,alexander.murphy@icloud.com,2025-11-14T08:31:30,meta,True,False,False
cust_00807,Nicole,Evans,nicole.evans@comcast.net,2026-05-01T10:26:26,tiktok,True,True,False
cust_00808,Samuel,Robinson,samuel.robinson@icloud.com,2024-02-09T06:36:04,google_search,True,False,False
cust_00809,Susan,Cooper,susan.cooper@icloud.com,2024-10-23T06:58:19,snap,True,True,False
cust_00810,Timothy,Gomez,timothy.gomez@protonmail.com,2025-09-05T19:50:59,snap,False,True,False
cust_00811,Sandra,Hill,sandra.hill@gmail.com,2025-07-29T00:17:35,dv360,True,False,False
cust_00812,Justin,Clark,justin.clark@gmail.com,2025-09-27T15:51:19,organic_direct,True,False,False
cust_00813,Eric,Reed,eric.reed@gmail.com,2023-11-15T05:05:36,dv360,True,False,False
cust_00814,Kevin,Anderson,kevin.anderson@outlook.com,2024-05-23T09:34:14,tiktok,True,True,False
cust_00815,Deborah,Ramos,deborah.ramos@gmail.com,2025-12-19T20:55:53,snap,True,False,False
cust_00816,Amy,Nelson,amy.nelson@icloud.com,2025-12-23T13:40:26,google_search,True,False,False
cust_00817,Charles,Robinson,charles.robinson@outlook.com,2024-08-16T01:08:05,google_search,True,False,False
cust_00818,Stephanie,Ramos,stephanie.ramos@gmail.com,2025-06-27T14:32:49,youtube,True,True,False
cust_00819,Rebecca,Allen,rebecca.allen@icloud.com,2024-12-29T23:09:16,google_search,True,False,False
cust_00820,Melissa,Garcia,melissa.garcia@gmail.com,2023-09-19T13:14:11,youtube,True,False,False
cust_00821,Joseph,Stewart,joseph.stewart@yahoo.com,2025-10-01T04:07:09,google_search,True,False,False
cust_00822,Jacob,Hill,jacob.hill@yahoo.com,2026-01-08T10:01:24,meta,True,False,False
cust_00823,Deleted,User,deleted_user_00823@deleted.kinetic.invalid,2025-02-16T06:32:20,youtube,False,False,True
cust_00824,Amy,Roberts,amy.roberts@aol.com,2024-06-14T21:42:43,snap,False,False,False
cust_00825,Elizabeth,Cruz,elizabeth.cruz@hotmail.com,2026-04-07T19:32:01,meta,True,False,False
cust_00826,William,Garcia,william.garcia@gmail.com,2024-10-20T18:56:00,organic_direct,True,True,False
cust_00827,Matthew,Ramirez,matthew.ramirez@gmail.com,2025-07-13T08:16:38,tiktok,True,False,False
cust_00828,Kimberly,Cox,kimberly.cox@comcast.net,2026-04-04T13:44:36,meta,True,False,False
cust_00829,Kathleen,Scott,kathleen.scott@yahoo.com,2023-12-12T03:21:24,snap,False,False,False
cust_00830,Gary,Parker,gary.parker@yahoo.com,2023-10-19T19:53:17,organic_direct,False,True,False
cust_00831,Debra,Moore,debra.moore@gmail.com,2026-07-04T16:19:48,organic_direct,True,True,False
cust_00832,Brian,Ramos,brian.ramos@yahoo.com,2026-07-14T00:33:09,organic_direct,True,False,False
cust_00833,Gary,Morales,gary.morales@aol.com,2026-05-02T19:46:25,meta,True,True,False
cust_00834,Samantha,Walker,samantha.walker@gmail.com,2026-05-03T11:25:11,meta,True,False,False
cust_00835,Andrew,Diaz,andrew.diaz@gmail.com,2025-08-24T04:01:01,google_search,True,False,False
cust_00836,Frank,King,frank.king@yahoo.com,2024-07-11T15:14:09,google_search,True,True,False
cust_00837,Jason,Stewart,jason.stewart@outlook.com,2025-01-04T18:01:00,meta,True,True,False
cust_00838,Samuel,Davis,samuel.davis@icloud.com,2025-02-08T21:21:27,tiktok,True,True,False
cust_00839,Karen,Green,karen.green@icloud.com,2025-01-08T08:20:15,google_search,True,False,False
cust_00840,Eric,Flores,eric.flores@gmail.com,2023-12-06T19:35:11,organic_direct,True,False,False
cust_00841,Paul,Cox,paul.cox@outlook.com,2026-02-05T21:32:21,organic_direct,True,False,False
cust_00842,Deleted,User,deleted_user_00842@deleted.kinetic.invalid,2025-10-05T14:30:20,tiktok,False,False,True
cust_00843,Joseph,Jones,joseph.jones@gmail.com,2026-03-06T21:28:31,google_search,True,False,False
cust_00844,Patricia,Rodriguez,patricia.rodriguez@gmail.com,2025-01-06T16:11:39,google_search,True,False,False
cust_00845,Kathleen,Walker,kathleen.walker2@gmail.com,2023-11-29T00:32:47,google_search,True,True,False
cust_00846,Stephanie,Gutierrez,stephanie.gutierrez@hotmail.com,2025-11-24T16:53:56,google_search,True,False,False
cust_00847,Diane,Davis,diane.davis@yahoo.com,2024-08-14T02:44:46,meta,True,False,False
cust_00848,Matthew,Cooper,matthew.cooper@hotmail.com,2026-05-09T13:10:44,meta,True,True,False
cust_00849,Deleted,User,deleted_user_00849@deleted.kinetic.invalid,2025-11-03T21:39:17,snap,False,False,True
cust_00850,Paul,Murphy,paul.murphy@gmail.com,2023-12-20T20:30:37,meta,True,False,False
cust_00851,Helen,Howard,helen.howard@outlook.com,2025-04-23T06:37:38,tiktok,True,False,False
cust_00852,Joshua,Torres,joshua.torres2@hotmail.com,2023-12-21T23:09:50,snap,True,False,False
cust_00853,Pamela,Cook,pamela.cook@outlook.com,2024-05-14T13:20:04,organic_direct,True,False,False
cust_00854,Ryan,Walker,ryan.walker@icloud.com,2024-11-05T02:28:25,dv360,True,True,False
cust_00855,Deleted,User,deleted_user_00855@deleted.kinetic.invalid,2026-02-03T15:23:52,tiktok,False,False,True
cust_00856,Barbara,Campbell,barbara.campbell@gmail.com,2025-01-21T22:43:03,organic_direct,True,False,False
cust_00857,Mary,Flores,mary.flores@hotmail.com,2025-10-27T04:33:46,meta,True,False,False
cust_00858,David,Jackson,david.jackson@yahoo.com,2025-10-12T15:41:35,tiktok,True,False,False
cust_00859,Stephanie,Richardson,stephanie.richardson@aol.com,2026-04-30T08:04:46,google_search,True,True,False
cust_00860,Kimberly,Baker,kimberly.baker@icloud.com,2024-06-19T09:45:01,tiktok,True,True,False
