resolution_id,anonymous_id,customer_id,resolved_at,resolution_type
idmap_000001,anon_41a2010796d618c3,cust_00001,2024-02-03T12:45:50,signup
idmap_000002,anon_1c79e5b8ea68a72b,cust_00002,2026-01-26T19:06:24,signup
idmap_000003,anon_53cae3b38bbf5385,cust_00002,2026-02-09T03:07:12,login
idmap_000004,anon_79f30c49fb33f6ca,cust_00003,2025-11-12T22:32:25,signup
idmap_000005,anon_d476111f88f8a9b4,cust_00004,2024-10-01T20:45:59,signup
idmap_000006,anon_9b413691af9449a4,cust_00004,2026-05-12T09:18:17,login
idmap_000007,anon_96e1d986e023afeb,cust_00005,2026-03-12T08:10:22,signup
idmap_000008,anon_1f45a04847564505,cust_00006,2026-01-09T02:33:10,signup
idmap_000009,anon_782a176d969da2f9,cust_00007,2026-03-09T10:29:52,signup
idmap_000010,anon_936a26f9bdaea6d4,cust_00008,2025-03-25T11:53:23,signup
idmap_000011,anon_e93b08dbc05a9434,cust_00009,2026-04-22T19:08:55,signup
idmap_000012,anon_ce485878f2053e1a,cust_00010,2025-12-03T19:38:30,signup
idmap_000013,anon_c7d05eda41072b88,cust_00011,2026-02-18T11:42:12,signup
idmap_000014,anon_69816aad7b75695d,cust_00012,2024-05-05T09:11:33,signup
idmap_000015,anon_9338963860dec6d6,cust_00013,2025-09-03T01:05:23,signup
idmap_000016,anon_4b67c469b0c9de6d,cust_00014,2023-10-20T01:49:41,signup
idmap_000017,anon_4a41ec79feabaf4c,cust_00015,2025-06-27T11:17:17,signup
idmap_000018,anon_7fbae64e8b9e543c,cust_00016,2026-04-04T03:49:43,signup
idmap_000019,anon_93898e81d93e5306,cust_00017,2026-06-11T02:25:48,signup
idmap_000020,anon_1dd09d2012c66e84,cust_00018,2025-07-18T15:11:43,signup
idmap_000021,anon_67142627d1dc7989,cust_00019,2023-08-16T00:07:50,signup
idmap_000022,anon_cfb40164948dfe89,cust_00020,2024-09-03T02:48:42,signup
idmap_000023,anon_833143ca509d2fbc,cust_00020,2024-10-26T11:59:42,login
idmap_000024,anon_876fda9753bec1b5,cust_00021,2025-01-14T19:24:08,signup
idmap_000025,anon_dd5eda8c870e90a9,cust_00021,2025-07-05T14:17:54,login
idmap_000026,anon_26d3fd79cc565f43,cust_00022,2025-02-24T05:28:19,signup
idmap_000027,anon_58d082a1bc9fb126,cust_00022,2026-01-16T16:10:29,login
idmap_000028,anon_801c36a208fb8c24,cust_00023,2026-01-29T10:17:06,signup
idmap_000029,anon_a56b112e4fa6f06a,cust_00024,2026-01-11T05:24:07,signup
idmap_000030,anon_ed744fe473e392d4,cust_00025,2024-11-04T23:14:35,signup
idmap_000031,anon_45fa0a2c49eb6e2a,cust_00026,2024-08-19T03:26:24,signup
idmap_000032,anon_3a1240e2733b9c22,cust_00027,2025-03-05T09:59:15,signup
idmap_000033,anon_870c403690eeacf8,cust_00028,2024-05-21T08:55:02,signup
idmap_000034,anon_53691917d7a0bed5,cust_00029,2026-05-01T08:34:16,signup
idmap_000035,anon_ec10ef4fc5d77382,cust_00030,2026-07-01T14:55:36,signup
idmap_000036,anon_c7ca17af39092348,cust_00031,2025-01-13T20:18:32,signup
idmap_000037,anon_71c279bb6dd783e0,cust_00032,2026-02-28T18:38:56,signup
idmap_000038,anon_24d1bfceb34e983d,cust_00032,2026-07-21T12:19:52,login
idmap_000039,anon_bc676197837aa6d5,cust_00033,2026-07-30T06:11:03,signup
idmap_000040,anon_8f863e398585b795,cust_00034,2024-11-26T08:23:59,signup
idmap_000041,anon_9dc47f6c3ce4e1f7,cust_00034,2026-03-02T01:09:56,login
idmap_000042,anon_e67637c4e7589ea1,cust_00035,2026-07-19T19:30:22,signup
idmap_000043,anon_e8d8c307b761c66a,cust_00036,2024-09-15T19:15:45,signup
idmap_000044,anon_a9f31cefe7d9c559,cust_00037,2023-11-16T04:10:58,signup
idmap_000045,anon_1aa57c32bf36c0fe,cust_00038,2025-10-03T18:11:35,signup
idmap_000046,anon_1fe5d304835b46ae,cust_00039,2024-12-16T06:53:09,signup
idmap_000047,anon_c52524953292a9d0,cust_00040,2026-02-09T14:53:10,signup
idmap_000048,anon_e68a5c07384f2e59,cust_00041,2023-09-04T10:14:45,signup
idmap_000049,anon_3ec02449a3e70e3e,cust_00041,2023-09-29T16:40:04,login
idmap_000050,anon_5815a77522fb1f02,cust_00042,2026-04-06T05:04:16,signup
idmap_000051,anon_8b1194c3af192c89,cust_00043,2025-06-16T02:23:52,signup
idmap_000052,anon_1bbd176cd3f607b1,cust_00044,2024-06-11T10:58:53,signup
idmap_000053,anon_175a519b0fa313ee,cust_00045,2025-02-08T21:38:11,signup
idmap_000054,anon_c397ba32bc2e5a63,cust_00046,2025-03-06T06:04:40,signup
idmap_000055,anon_9e80a54853a7e470,cust_00047,2025-11-20T18:04:11,signup
idmap_000056,anon_c66b61ed7f58fd36,cust_00048,2025-07-08T00:51:14,signup
idmap_000057,anon_8285b264d323189b,cust_00049,2026-06-10T05:29:15,signup
idmap_000058,anon_1dcc8b6b267248ae,cust_00049,2026-07-05T22:29:25,login
idmap_000059,anon_4bb4069fdccd8d4a,cust_00050,2024-04-08T14:19:27,signup
idmap_000060,anon_f10163baa0d7d13b,cust_00051,2026-05-31T17:23:38,signup
idmap_000061,anon_01a62bf60a8feeee,cust_00052,2025-02-05T01:40:54,signup
idmap_000062,anon_210bb971534ab31f,cust_00053,2025-02-18T18:14:12,signup
idmap_000063,anon_d2dc20fe193fbc37,cust_00054,2026-01-03T22:40:05,signup
idmap_000064,anon_39e21cbd852c7da9,cust_00055,2026-04-07T09:49:35,signup
idmap_000065,anon_a04ab4f4db00db9f,cust_00056,2023-12-14T08:02:56,signup
idmap_000066,anon_ab592dfad680df2f,cust_00057,2026-06-15T02:45:09,signup
idmap_000067,anon_8477606e0ac20f88,cust_00058,2026-03-07T03:25:52,signup
idmap_000068,anon_aa2cb97fecb868c4,cust_00059,2023-08-17T03:47:39,signup
idmap_000069,anon_9a3e934aaa7f2728,cust_00059,2024-04-16T15:39:35,login
idmap_000070,anon_5322d748ffb0d849,cust_00060,2024-11-25T05:28:34,signup
idmap_000071,anon_5d607441981f497e,cust_00062,2025-05-13T05:03:19,signup
idmap_000072,anon_531e0949fbcbfc84,cust_00063,2026-01-31T21:38:26,signup
idmap_000073,anon_b59148838d26a3b7,cust_00064,2024-11-25T05:37:52,signup
idmap_000074,anon_158599b787d1d44c,cust_00065,2026-01-31T17:35:36,signup
idmap_000075,anon_92211ace001789eb,cust_00066,2025-07-03T16:55:07,signup
idmap_000076,anon_6be1f26bcb87e4ef,cust_00067,2024-06-17T16:25:43,signup
idmap_000077,anon_a08022800cdbed45,cust_00068,2024-08-22T18:55:15,signup
idmap_000078,anon_6ebf8f50efe54d09,cust_00069,2026-07-08T06:46:44,signup
idmap_000079,anon_3da84f2c1eb098df,cust_00070,2026-02-21T22:05:43,signup
idmap_000080,anon_2a420b007c96ab3f,cust_00071,2023-09-06T04:45:17,signup
idmap_000081,anon_508ffd416562f245,cust_00072,2025-08-28T02:46:25,signup
idmap_000082,anon_fa728e6b2cc35dfe,cust_00073,2026-05-06T01:31:51,signup
idmap_000083,anon_cfe9a7b590eb98f3,cust_00074,2023-11-09T03:08:14,signup
idmap_000084,anon_9bef61b260cf3dc8,cust_00075,2024-01-01T01:38:18,signup
idmap_000085,anon_c22e5f7e9f5735f1,cust_00076,2025-03-09T08:01:44,signup
idmap_000086,anon_9f0da9b2c6436f84,cust_00077,2024-06-15T08:43:02,signup
idmap_000087,anon_5603ed07b9b51949,cust_00077,2024-06-18T20:36:27,login
idmap_000088,anon_5eaefe329fb23fb4,cust_00078,2026-06-09T21:14:46,signup
idmap_000089,anon_d393dda0d9094b2a,cust_00079,2025-03-29T07:04:39,signup
idmap_000090,anon_355d3787f407632a,cust_00080,2023-11-14T02:35:27,signup
idmap_000091,anon_87e84bba127114b4,cust_00081,2023-09-13T18:06:37,signup
idmap_000092,anon_12fc40aabfdc2557,cust_00082,2025-05-03T16:57:32,signup
idmap_000093,anon_6fc309cdafa9163c,cust_00083,2025-03-19T10:10:31,signup
idmap_000094,anon_a0bb5c198443d8f4,cust_00083,2025-03-23T20:42:53,login
idmap_000095,anon_c0a5a77cd280c294,cust_00085,2023-10-14T00:56:27,signup
idmap_000096,anon_25a4d91539c04cb6,cust_00085,2025-04-06T14:31:50,login
idmap_000097,anon_ac98cdad0576741e,cust_00086,2025-01-14T20:00:30,signup
idmap_000098,anon_9ed9d4d43fba6d63,cust_00087,2026-01-09T23:27:42,signup
idmap_000099,anon_b6ac7c7d7eb6f7be,cust_00088,2024-02-24T16:50:15,signup
idmap_000100,anon_220075ced2393242,cust_00089,2025-08-06T20:30:57,signup
idmap_000101,anon_f32f967793e4b9d9,cust_00090,2025-01-09T19:19:47,signup
idmap_000102,anon_536c21a33ee660a2,cust_00090,2025-03-19T14:09:22,login
idmap_000103,anon_ce4adb85f8bc53f7,cust_00091,2025-01-15T02:16:01,signup
idmap_000104,anon_6242dd1e9ef94c51,cust_00092,2024-03-09T17:34:59,signup
idmap_000105,anon_355803f8a123a424,cust_00093,2026-06-21T01:43:34,signup
idmap_000106,anon_df6aaee7e36a0200,cust_00094,2024-02-06T20:05:56,signup
idmap_000107,anon_510a8d0bc633967f,cust_00094,2024-04-04T03:16:42,login
idmap_000108,anon_0dba578f3065b34a,cust_00095,2023-11-29T00:07:12,signup
idmap_000109,anon_265e029258b59b0e,cust_00096,2026-05-27T17:42:24,signup
idmap_000110,anon_e7579f9d37931c8b,cust_00097,2025-03-22T00:00:40,signup
idmap_000111,anon_a49ade191e3f72be,cust_00098,2024-01-08T09:13:05,signup
idmap_000112,anon_a6322c632285bc04,cust_00099,2025-10-09T13:58:05,signup
idmap_000113,anon_ee61901300dcd68d,cust_00100,2024-04-12T14:31:17,signup
idmap_000114,anon_d746881a385292a3,cust_00100,2025-03-19T12:40:16,login
idmap_000115,anon_588871f7ba7daa8d,cust_00101,2026-07-29T10:44:48,signup
idmap_000116,anon_a3587f62054720e0,cust_00101,2026-07-30T18:46:42,login
idmap_000117,anon_b46a366622e39973,cust_00102,2025-01-18T00:11:24,signup
idmap_000118,anon_13780f0f2ff68855,cust_00103,2025-10-05T02:59:21,signup
idmap_000119,anon_cf93b907d2065a56,cust_00104,2023-10-22T00:08:52,signup
idmap_000120,anon_712163d1a0c22836,cust_00105,2026-03-08T11:26:23,signup
idmap_000121,anon_cbe73f242eab325f,cust_00106,2024-10-20T08:43:25,signup
idmap_000122,anon_0872e97ed480ee0a,cust_00106,2024-12-13T18:31:16,login
idmap_000123,anon_e473cb7baf079d64,cust_00107,2025-01-06T01:59:03,signup
idmap_000124,anon_147469f94126e88a,cust_00108,2025-04-16T03:03:00,signup
idmap_000125,anon_703089521b1b14dc,cust_00109,2025-03-05T05:38:20,signup
idmap_000126,anon_0803ee7499d32ab0,cust_00110,2024-12-28T14:14:11,signup
idmap_000127,anon_7a19976c347de61f,cust_00111,2025-01-14T07:58:43,signup
idmap_000128,anon_e4d27351381444c4,cust_00112,2026-06-21T16:33:57,signup
idmap_000129,anon_dbb64dd352c5a8e0,cust_00113,2026-05-12T08:22:13,signup
idmap_000130,anon_280f3ca045ffbcae,cust_00114,2024-07-29T19:15:21,signup
idmap_000131,anon_c6a44306404a6be7,cust_00115,2025-04-19T10:43:24,signup
idmap_000132,anon_8bdcd84792b038ea,cust_00116,2026-01-07T02:03:13,signup
idmap_000133,anon_23c8bb6944e6f691,cust_00116,2026-01-15T19:21:29,login
idmap_000134,anon_ea669e2c38f0af3e,cust_00117,2025-11-23T12:38:27,signup
idmap_000135,anon_d795a4fed1aba673,cust_00118,2023-12-03T11:38:19,signup
idmap_000136,anon_faeabb1cb029c1f2,cust_00119,2025-01-28T15:35:56,signup
idmap_000137,anon_493009e92d1a4a1d,cust_00120,2025-11-25T14:17:08,signup
idmap_000138,anon_8190faeca04a088a,cust_00121,2024-02-26T08:26:15,signup
idmap_000139,anon_dd6d43e850457851,cust_00122,2023-11-24T17:30:19,signup
idmap_000140,anon_03228a4b3fac508b,cust_00123,2025-12-15T21:12:54,signup
idmap_000141,anon_84e1cb38b153c8c3,cust_00123,2025-12-24T05:03:10,login
idmap_000142,anon_4630e7ddd7581800,cust_00124,2024-11-27T16:30:08,signup
idmap_000143,anon_33aa7390b6de4b52,cust_00125,2026-03-27T20:12:42,signup
idmap_000144,anon_44fadaa0e1383042,cust_00125,2026-05-18T19:25:46,login
idmap_000145,anon_fbdd9fc3c7b453b3,cust_00126,2025-02-18T21:03:52,signup
idmap_000146,anon_1d0ea216482e7934,cust_00127,2025-03-04T21:34:48,signup
idmap_000147,anon_9d79459ec0cba4bd,cust_00128,2026-04-11T17:18:08,signup
idmap_000148,anon_ebc23673d7a07d2c,cust_00129,2026-04-29T13:22:53,signup
idmap_000149,anon_55cd37f690cbaee0,cust_00130,2024-01-14T17:57:36,signup
idmap_000150,anon_b5191d8ac93516a5,cust_00131,2026-02-19T08:59:59,signup
idmap_000151,anon_7747d5414a4617d7,cust_00132,2026-01-17T22:25:37,signup
idmap_000152,anon_cb4a4c5a30810b29,cust_00133,2024-07-05T16:12:08,signup
idmap_000153,anon_0c39482b0ce23994,cust_00134,2025-08-06T05:16:18,signup
idmap_000154,anon_0894ec19adeb30bc,cust_00134,2025-08-08T02:31:18,login
idmap_000155,anon_1357e4534da162d2,cust_00135,2026-04-14T06:14:33,signup
idmap_000156,anon_6e162495f3136788,cust_00136,2023-11-17T14:46:12,signup
idmap_000157,anon_117062507ef89a7a,cust_00137,2025-08-13T23:44:19,signup
idmap_000158,anon_fa9dc54fe978d1d7,cust_00138,2024-11-18T20:53:54,signup
idmap_000159,anon_45d74009a1ea98dd,cust_00139,2024-08-21T11:09:04,signup
idmap_000160,anon_36cbd595f5d567b9,cust_00140,2023-08-30T02:55:59,signup
idmap_000161,anon_bbef472ee9deae7c,cust_00141,2024-01-15T02:24:55,signup
idmap_000162,anon_f76955342deb638c,cust_00142,2024-03-28T10:52:33,signup
idmap_000163,anon_8ee1dae6d0abd9d9,cust_00142,2025-09-15T08:48:02,login
idmap_000164,anon_1159ea25bb0be5c9,cust_00143,2024-11-18T10:06:31,signup
idmap_000165,anon_ddac8cf4fa4d698e,cust_00144,2026-03-25T16:11:08,signup
idmap_000166,anon_0215c6304721dde7,cust_00145,2024-01-12T12:38:17,signup
idmap_000167,anon_df6eb9a6daa211cc,cust_00146,2023-12-14T05:41:41,signup
idmap_000168,anon_1859855992f6272d,cust_00147,2023-11-12T21:18:17,signup
idmap_000169,anon_14c800000a0ee190,cust_00148,2026-01-25T15:11:20,signup
idmap_000170,anon_130f9eacf903a6e1,cust_00149,2026-02-05T19:35:27,signup
idmap_000171,anon_ed8109e415c685c5,cust_00150,2024-03-12T04:08:20,signup
idmap_000172,anon_153d6365121c2a6c,cust_00150,2024-09-18T02:03:08,login
idmap_000173,anon_47bcbc8827e4b5f8,cust_00151,2024-07-07T19:17:56,signup
idmap_000174,anon_fb7f323ffba10b50,cust_00151,2026-04-05T08:53:03,login
idmap_000175,anon_5de11a36fa1ead13,cust_00152,2025-12-08T22:29:14,signup
idmap_000176,anon_a73c4c18bf274955,cust_00153,2025-10-22T19:43:33,signup
idmap_000177,anon_fcddc31db85f93ef,cust_00154,2023-09-05T09:07:06,signup
idmap_000178,anon_2e85b42a9c723e1f,cust_00155,2025-11-30T22:05:48,signup
idmap_000179,anon_c77ea8430629fda1,cust_00156,2025-10-31T04:43:08,signup
idmap_000180,anon_63e1e16a5676ad6a,cust_00157,2026-01-10T10:45:36,signup
idmap_000181,anon_3eec93e72d290e54,cust_00158,2025-06-25T02:41:26,signup
idmap_000182,anon_b01207e55881415e,cust_00159,2026-05-29T00:12:23,signup
idmap_000183,anon_76ec327d886179c8,cust_00160,2024-03-06T04:36:10,signup
idmap_000184,anon_a1334151f6df1337,cust_00160,2026-01-16T11:24:28,login
idmap_000185,anon_da6ee1988214c6ef,cust_00161,2024-10-30T21:58:27,signup
idmap_000186,anon_80fef1680abad52b,cust_00161,2025-02-09T00:55:06,login
idmap_000187,anon_45f86e6c22edea39,cust_00162,2025-02-09T01:29:21,signup
idmap_000188,anon_dc7444ff5af49560,cust_00163,2026-07-27T14:57:32,signup
idmap_000189,anon_32adf5fcb8296100,cust_00164,2024-09-14T10:02:34,signup
idmap_000190,anon_cfb159aa7ac442ad,cust_00165,2025-07-30T03:52:53,signup
idmap_000191,anon_da6d35a5db50152a,cust_00166,2024-12-02T13:25:50,signup
idmap_000192,anon_0909c3296cf8fa59,cust_00167,2024-02-11T10:17:38,signup
idmap_000193,anon_966c5ee3c3f3f107,cust_00168,2024-11-28T20:54:48,signup
idmap_000194,anon_aa95becd9b6b43a3,cust_00169,2023-12-25T12:35:00,signup
idmap_000195,anon_ef5d5cec2e432498,cust_00169,2024-09-14T09:02:33,login
idmap_000196,anon_a9f97c6d6079662f,cust_00170,2024-05-24T09:51:06,signup
idmap_000197,anon_22121a918feb241b,cust_00171,2023-11-17T13:51:04,signup
idmap_000198,anon_ec28ad98d924f460,cust_00171,2025-08-16T22:50:54,login
idmap_000199,anon_44d8656019eba3cd,cust_00172,2023-12-22T14:04:07,signup
idmap_000200,anon_093d40bdf1a6e89c,cust_00173,2026-02-01T10:29:27,signup
idmap_000201,anon_96c039a377e65d7b,cust_00174,2024-03-30T06:44:00,signup
idmap_000202,anon_560c48b10ae5304b,cust_00175,2023-12-21T02:56:23,signup
idmap_000203,anon_c55357af3b417c93,cust_00176,2025-01-24T20:09:46,signup
idmap_000204,anon_b781eb42030d6141,cust_00177,2026-06-01T19:44:53,signup
idmap_000205,anon_3be4cff5263ed17a,cust_00178,2024-04-29T07:25:28,signup
idmap_000206,anon_bbca981f78533dc1,cust_00179,2024-01-03T23:01:39,signup
idmap_000207,anon_8e4367921785f976,cust_00180,2026-01-02T02:52:55,signup
idmap_000208,anon_34d635ad77d6dc1a,cust_00181,2023-12-15T16:18:16,signup
idmap_000209,anon_8d4d11a41fb70149,cust_00182,2026-01-19T05:45:50,signup
idmap_000210,anon_2b59c70b8b29638e,cust_00183,2026-05-06T05:57:56,signup
idmap_000211,anon_c6b5868270356a67,cust_00184,2024-06-23T11:27:10,signup
idmap_000212,anon_74a7e4455772f316,cust_00185,2026-01-13T10:22:22,signup
idmap_000213,anon_50a1ed6b3cc4ce40,cust_00186,2025-09-27T10:03:28,signup
idmap_000214,anon_0d16424f641f323c,cust_00186,2025-12-16T04:18:41,login
idmap_000215,anon_db705fdf272b3409,cust_00187,2024-01-07T22:23:07,signup
idmap_000216,anon_41e6298456ae337d,cust_00188,2026-06-18T10:38:23,signup
idmap_000217,anon_42cd97f330c70d0c,cust_00188,2026-06-20T18:56:14,login
idmap_000218,anon_c1f99f8f7b388c67,cust_00189,2023-11-02T04:52:15,signup
idmap_000219,anon_c3831d6e7b827a9c,cust_00190,2025-06-20T02:44:00,signup
idmap_000220,anon_87015e317cc57c4e,cust_00191,2024-04-19T09:16:59,signup
idmap_000221,anon_f7b1d6df29e6aeeb,cust_00191,2025-10-19T08:22:22,login
idmap_000222,anon_71399dbf0cf13363,cust_00192,2024-12-24T20:25:32,signup
idmap_000223,anon_9dabae3caf9019e1,cust_00193,2026-03-18T11:55:00,signup
idmap_000224,anon_59fadf6af7ad46c7,cust_00194,2025-12-06T11:00:24,signup
idmap_000225,anon_fdd7a79e3466fb6a,cust_00195,2024-08-04T00:36:02,signup
idmap_000226,anon_8204fa050e0cb023,cust_00195,2024-08-26T02:06:12,login
idmap_000227,anon_eb22ebe5fd8d8ad2,cust_00196,2024-11-24T02:26:56,signup
idmap_000228,anon_a0c646c094fb9185,cust_00197,2025-04-05T06:19:19,signup
idmap_000229,anon_d5d54e50054c872f,cust_00198,2024-04-27T02:24:22,signup
idmap_000230,anon_7520d0cdddc2bd7d,cust_00199,2025-11-15T20:28:34,signup
idmap_000231,anon_55613b4d01f4a854,cust_00200,2024-01-10T20:39:55,signup
idmap_000232,anon_5a53756b8ff68b6c,cust_00201,2026-07-08T04:11:50,signup
idmap_000233,anon_47d5a2bbf04b9924,cust_00202,2025-02-22T03:04:16,signup
idmap_000234,anon_c48f0029c8b79b8d,cust_00202,2025-03-01T16:03:27,login
idmap_000235,anon_fa302cb7b96fa44e,cust_00203,2025-09-23T17:38:18,signup
idmap_000236,anon_bea8aa745e446953,cust_00204,2025-01-19T10:09:31,signup
idmap_000237,anon_f48572ca172ccc5c,cust_00205,2024-03-03T15:37:08,signup
idmap_000238,anon_9e2e5646faff127e,cust_00206,2026-02-23T11:15:41,signup
idmap_000239,anon_898b5bdd434c9ce6,cust_00207,2025-09-24T18:59:24,signup
idmap_000240,anon_eae84c904552a2b8,cust_00207,2025-09-29T23:54:41,login
idmap_000241,anon_9ef81f44df1eccc7,cust_00208,2024-07-07T19:05:58,signup
idmap_000242,anon_a9a87e8c84b6cc04,cust_00209,2026-03-10T10:49:14,signup
idmap_000243,anon_87c0fe14f2355da3,cust_00210,2025-02-25T09:07:59,signup
idmap_000244,anon_47f3430e66844401,cust_00211,2026-01-03T01:36:53,signup
idmap_000245,anon_9e9804885c02d959,cust_00212,2024-12-10T18:08:43,signup
idmap_000246,anon_6adf1b9840e04d19,cust_00213,2024-04-14T02:59:14,signup
idmap_000247,anon_162303b486b98249,cust_00214,2026-05-04T11:53:35,signup
idmap_000248,anon_702531fa1ab98a83,cust_00215,2025-11-21T14:59:47,signup
idmap_000249,anon_34052cc2e1553dcc,cust_00216,2025-11-27T23:04:03,signup
idmap_000250,anon_33426e9237a37d8b,cust_00217,2025-09-25T19:09:32,signup
idmap_000251,anon_8f8332a220d36b34,cust_00218,2026-03-19T18:00:29,signup
idmap_000252,anon_7ff70c8a05619c0c,cust_00219,2023-10-29T14:30:20,signup
idmap_000253,anon_996b8907ac5017f4,cust_00220,2025-09-25T22:09:39,signup
idmap_000254,anon_427b4e868a001a0b,cust_00221,2026-03-01T02:22:07,signup
idmap_000255,anon_3ad4181c494fa79d,cust_00222,2025-08-25T19:50:21,signup
idmap_000256,anon_34f60208738baa4b,cust_00223,2025-01-10T11:03:35,signup
idmap_000257,anon_4c70106e80331cef,cust_00224,2026-07-05T12:30:55,signup
idmap_000258,anon_997019d8d2dcc874,cust_00225,2026-02-27T02:46:52,signup
idmap_000259,anon_5beaa82af2801886,cust_00226,2025-08-01T18:58:54,signup
idmap_000260,anon_46fe3e0f37911a3f,cust_00227,2026-06-10T11:10:49,signup
idmap_000261,anon_b1e2661ea5272f08,cust_00228,2024-02-16T21:46:50,signup
idmap_000262,anon_1c1e99c2fdb20eb8,cust_00228,2024-12-19T17:02:22,login
idmap_000263,anon_894d55fd3a290259,cust_00229,2023-11-23T07:39:42,signup
idmap_000264,anon_8e8ad70992d1c102,cust_00230,2023-10-30T23:47:19,signup
idmap_000265,anon_ffc27885c5c344c5,cust_00231,2025-04-17T06:13:49,signup
idmap_000266,anon_9efadf4b0acaf189,cust_00232,2025-01-12T22:42:56,signup
idmap_000267,anon_33f10976c441a371,cust_00233,2025-06-04T03:18:31,signup
idmap_000268,anon_a423813164aa2063,cust_00234,2025-05-22T16:29:21,signup
idmap_000269,anon_b3d813c24c6650ce,cust_00235,2025-03-15T21:43:59,signup
idmap_000270,anon_327725e0701112a4,cust_00236,2025-10-22T04:22:02,signup
idmap_000271,anon_49f449a240ea496e,cust_00237,2023-09-02T17:54:39,signup
idmap_000272,anon_9233ebdc7523faf4,cust_00238,2024-03-16T04:45:54,signup
idmap_000273,anon_ae55736031626465,cust_00239,2026-06-27T19:17:09,signup
idmap_000274,anon_000b123caeae618a,cust_00240,2026-04-07T10:03:22,signup
idmap_000275,anon_98324d283d73d141,cust_00240,2026-04-07T16:42:55,login
idmap_000276,anon_6c6f807d5f4ae639,cust_00241,2024-05-16T02:12:02,signup
idmap_000277,anon_e6185d4a25e41ecf,cust_00242,2026-02-20T08:25:55,signup
idmap_000278,anon_e6f78953fc3b4639,cust_00242,2026-05-07T17:45:33,login
idmap_000279,anon_f402f9d19c53e998,cust_00243,2025-03-31T18:15:31,signup
idmap_000280,anon_2cb5f3c1a6373482,cust_00244,2025-12-20T10:32:00,signup
idmap_000281,anon_ac88a5adf32f1f67,cust_00245,2025-05-01T01:32:16,signup
idmap_000282,anon_e6e65bdda92c78b5,cust_00246,2025-12-13T14:21:53,signup
idmap_000283,anon_296b0b321d59e506,cust_00247,2025-11-21T21:04:40,signup
idmap_000284,anon_7b0a4ff784f06c5b,cust_00248,2025-11-14T14:37:31,signup
idmap_000285,anon_ecc779bce7e22c0c,cust_00249,2026-02-06T03:32:47,signup
idmap_000286,anon_b9bd7c012429b52e,cust_00250,2025-08-05T13:00:33,signup
idmap_000287,anon_52c764f4cf8b26f7,cust_00251,2026-01-29T11:01:00,signup
idmap_000288,anon_4461606ac155f667,cust_00251,2026-02-05T05:07:20,login
idmap_000289,anon_c912e728596b51ba,cust_00252,2024-06-18T04:15:55,signup
idmap_000290,anon_a303c352b3f3649b,cust_00253,2026-03-30T13:17:05,signup
idmap_000291,anon_0e762a37b8db24e2,cust_00254,2026-06-04T21:10:23,signup
idmap_000292,anon_3527f8d45eaea199,cust_00255,2024-02-03T19:22:18,signup
idmap_000293,anon_462881c3060f333e,cust_00255,2024-02-06T07:19:04,login
idmap_000294,anon_71937cb5e4d6660f,cust_00256,2025-03-22T14:07:59,signup
idmap_000295,anon_dfa513fe0026161e,cust_00257,2024-01-30T02:25:49,signup
idmap_000296,anon_490d9175564c1018,cust_00257,2026-02-12T08:11:51,login
idmap_000297,anon_2554a5c14ab8f98b,cust_00258,2025-09-19T07:24:03,signup
idmap_000298,anon_063d91278274caa5,cust_00259,2026-05-23T12:01:27,signup
idmap_000299,anon_a5a20629e9bbbd31,cust_00260,2024-08-02T17:21:42,signup
idmap_000300,anon_75deec6e086667a6,cust_00261,2025-11-15T09:48:11,signup
idmap_000301,anon_d28bb7e92ad72209,cust_00262,2025-08-04T17:33:39,signup
idmap_000302,anon_dcdfb0dc3c8f212e,cust_00263,2024-01-26T11:12:28,signup
idmap_000303,anon_724e287bfe0624d0,cust_00264,2025-10-10T12:35:44,signup
idmap_000304,anon_7dab01e7c92000ef,cust_00265,2026-04-14T07:39:40,signup
idmap_000305,anon_d21811e1545a148e,cust_00266,2026-01-05T18:01:43,signup
idmap_000306,anon_9ec5aa45f4b94d50,cust_00267,2024-06-03T18:34:24,signup
idmap_000307,anon_e056b09e37e37a96,cust_00267,2025-02-01T00:29:58,login
idmap_000308,anon_9516c49763d549a2,cust_00268,2025-03-16T21:06:23,signup
idmap_000309,anon_8cc601435823f2da,cust_00269,2026-07-22T08:07:47,signup
idmap_000310,anon_e42aadc9a6c9f044,cust_00270,2025-03-14T18:19:00,signup
idmap_000311,anon_e5a646944a159074,cust_00271,2026-06-09T19:37:23,signup
idmap_000312,anon_69f37be59919980d,cust_00272,2025-12-08T12:29:12,signup
idmap_000313,anon_ba0eb846166239fc,cust_00273,2026-01-24T18:38:47,signup
idmap_000314,anon_2c9edc6a9b8d5ac4,cust_00274,2024-03-12T06:14:13,signup
idmap_000315,anon_b03b809215bceeb8,cust_00275,2026-02-26T10:31:01,signup
idmap_000316,anon_f234bb81bc70b028,cust_00276,2024-09-04T08:02:40,signup
idmap_000317,anon_8c7386a0279151ce,cust_00277,2026-02-25T16:23:16,signup
idmap_000318,anon_a813839545323979,cust_00278,2026-06-10T17:38:23,signup
idmap_000319,anon_eaf3bd2ec35af36a,cust_00278,2026-06-10T11:43:44,login
idmap_000320,anon_ba56f131ef9e74d8,cust_00279,2024-06-12T22:18:39,signup
idmap_000321,anon_d205f9f7ada922fa,cust_00280,2025-06-24T15:49:05,signup
idmap_000322,anon_778299c2bfd07076,cust_00281,2026-05-05T01:33:28,signup
idmap_000323,anon_b2751d5ea9b1e685,cust_00281,2026-05-13T18:17:19,login
idmap_000324,anon_aba4d632e8d63725,cust_00282,2026-02-22T08:56:13,signup
idmap_000325,anon_cadcfc3ac62fe883,cust_00283,2026-01-08T01:29:37,signup
idmap_000326,anon_777a3031f1c70966,cust_00284,2024-01-04T01:03:39,signup
idmap_000327,anon_12f633b282cb7fba,cust_00285,2026-06-04T05:15:37,signup
idmap_000328,anon_9cb32633762e4ba6,cust_00285,2026-07-15T12:07:05,login
idmap_000329,anon_c11810051633b2cb,cust_00286,2025-04-15T07:11:25,signup
idmap_000330,anon_db9d475d1a50bc0c,cust_00287,2026-02-16T06:58:45,signup
idmap_000331,anon_e0c31c057cce5a9e,cust_00288,2024-02-08T04:40:42,signup
idmap_000332,anon_6a3b45106c7475fd,cust_00289,2025-04-09T08:37:54,signup
idmap_000333,anon_daf840da298e5b3f,cust_00290,2024-09-26T17:21:31,signup
idmap_000334,anon_8c9cd9528da3334f,cust_00291,2025-12-18T23:32:14,signup
idmap_000335,anon_9e4f57286fc7e82d,cust_00291,2026-01-03T15:30:56,login
idmap_000336,anon_ac68683e5927cd05,cust_00292,2024-04-12T04:40:27,signup
idmap_000337,anon_5c45ca2ee8f26e5f,cust_00292,2024-10-12T09:37:00,login
idmap_000338,anon_d54881cdf0bc76b0,cust_00293,2025-01-23T21:47:59,signup
idmap_000339,anon_934e4cf71b85befd,cust_00294,2025-11-17T19:52:05,signup
idmap_000340,anon_8dd2fa599406393b,cust_00294,2026-01-11T11:08:26,login
idmap_000341,anon_11c56408e9db566d,cust_00295,2024-06-23T08:38:16,signup
idmap_000342,anon_8d4c8b50e429acdb,cust_00296,2024-01-12T03:16:55,signup
idmap_000343,anon_86d1d5b89b45728e,cust_00297,2025-06-12T03:05:48,signup
idmap_000344,anon_c40bebe46f3b1a76,cust_00298,2024-11-12T14:36:56,signup
idmap_000345,anon_17d6cc043a7c0885,cust_00299,2023-09-28T08:40:52,signup
idmap_000346,anon_13de31fda366ff59,cust_00300,2026-01-18T19:11:46,signup
idmap_000347,anon_5f63cfd316e83add,cust_00301,2025-01-22T18:01:49,signup
idmap_000348,anon_46399b5b379ea8a7,cust_00302,2026-05-27T11:31:18,signup
idmap_000349,anon_e527a9086af697a9,cust_00303,2024-02-22T07:50:58,signup
idmap_000350,anon_209cf482f41b0969,cust_00304,2025-04-21T20:35:10,signup
idmap_000351,anon_98ebacc0917fa05c,cust_00304,2025-09-13T06:59:30,login
idmap_000352,anon_6360e1b7105c0458,cust_00305,2025-09-04T16:55:38,signup
idmap_000353,anon_eb10f76f240e8787,cust_00306,2026-01-21T20:04:58,signup
idmap_000354,anon_b2541897e1bcbb7f,cust_00306,2026-03-12T09:08:32,login
idmap_000355,anon_9527d1e8c5e3e019,cust_00307,2025-01-18T05:52:24,signup
idmap_000356,anon_6da9533ab97de954,cust_00308,2026-07-02T02:13:34,signup
idmap_000357,anon_3be9b065e5005b7c,cust_00308,2026-07-08T05:42:46,login
idmap_000358,anon_d05549e065b5d3c1,cust_00309,2024-08-26T22:45:51,signup
idmap_000359,anon_8b87399ba66f7395,cust_00310,2024-01-19T00:45:32,signup
idmap_000360,anon_6106f3b959f00153,cust_00311,2025-03-12T05:34:01,signup
idmap_000361,anon_e847f7a951e64e5e,cust_00312,2024-01-11T11:31:15,signup
idmap_000362,anon_7acb1d5a5554ef6a,cust_00313,2024-05-17T17:42:19,signup
idmap_000363,anon_a8a042378e6502b5,cust_00314,2025-04-14T11:10:40,signup
idmap_000364,anon_55d2327481bd5617,cust_00315,2025-01-24T05:39:43,signup
idmap_000365,anon_a6ee9756ccbedfbc,cust_00316,2025-04-11T01:35:34,signup
idmap_000366,anon_b1b8a438c894f144,cust_00317,2024-08-28T18:06:37,signup
idmap_000367,anon_96400f62fdca43e5,cust_00318,2025-02-19T00:27:14,signup
idmap_000368,anon_3517fe7f6b0b73b5,cust_00319,2024-11-16T07:41:52,signup
idmap_000369,anon_eb77fd8953b56a25,cust_00319,2024-11-16T16:56:04,login
idmap_000370,anon_cd6f2815541f84c7,cust_00320,2026-04-24T02:11:13,signup
idmap_000371,anon_19e9602367cea9ce,cust_00321,2025-01-09T19:34:26,signup
idmap_000372,anon_29211d2f7288b1da,cust_00322,2023-11-24T10:46:38,signup
idmap_000373,anon_0b2096269194375e,cust_00323,2023-10-19T18:23:43,signup
idmap_000374,anon_37d09deccb76d8ed,cust_00324,2024-12-24T16:19:59,signup
idmap_000375,anon_aef5d6585eaf089f,cust_00325,2025-04-06T12:36:41,signup
idmap_000376,anon_af597e30024b742f,cust_00326,2023-12-29T18:36:30,signup
idmap_000377,anon_ce053385a3e1d0d9,cust_00327,2026-01-31T22:30:59,signup
idmap_000378,anon_fe548ff0e678c9fd,cust_00328,2026-07-12T00:06:38,signup
idmap_000379,anon_aa9e9a3c06563227,cust_00329,2024-10-05T00:44:28,signup
idmap_000380,anon_ea184f8a64f4ec8c,cust_00330,2025-01-25T21:14:29,signup
idmap_000381,anon_a0c07a3b1f06a707,cust_00331,2024-03-05T04:27:10,signup
idmap_000382,anon_369230abbbbc5171,cust_00332,2024-12-14T11:36:19,signup
idmap_000383,anon_e107233e53f4530c,cust_00333,2026-01-27T01:35:58,signup
idmap_000384,anon_5f635b2e047b97a0,cust_00334,2024-03-06T15:23:42,signup
idmap_000385,anon_a7e0a0ebcfecf5a2,cust_00335,2024-01-11T11:10:56,signup
idmap_000386,anon_a2fdb6d60fac2fe8,cust_00336,2026-02-15T01:40:13,signup
idmap_000387,anon_d43f5af15f726d7c,cust_00337,2025-11-22T12:36:34,signup
idmap_000388,anon_fec47cbc31b1d571,cust_00338,2026-06-26T04:39:12,signup
idmap_000389,anon_7abc6bf09baede79,cust_00339,2026-06-09T16:45:50,signup
idmap_000390,anon_8e7cfc4e6a677de6,cust_00340,2026-01-21T16:29:51,signup
idmap_000391,anon_59bcb6f126decdbd,cust_00341,2025-12-16T04:41:08,signup
idmap_000392,anon_4eae3a871ee954bf,cust_00342,2026-05-29T22:39:44,signup
idmap_000393,anon_b42bc26e0ac402fa,cust_00343,2025-10-28T20:32:28,signup
idmap_000394,anon_6f7936e7336c7ba0,cust_00344,2025-09-05T06:33:41,signup
idmap_000395,anon_3a982cce7d5f8663,cust_00345,2024-12-19T12:36:38,signup
idmap_000396,anon_78e1d1dd963c68b4,cust_00346,2025-08-12T22:41:53,signup
idmap_000397,anon_cadcb559537b1f6d,cust_00347,2025-03-17T08:53:16,signup
idmap_000398,anon_d550e5c4670546da,cust_00348,2025-02-11T12:23:48,signup
idmap_000399,anon_5d2c688d5de91dfe,cust_00349,2025-08-29T11:27:21,signup
idmap_000400,anon_e63ac1da9ba3cac8,cust_00350,2025-07-29T11:01:31,signup
idmap_000401,anon_b5a3b948b11af853,cust_00352,2023-08-30T15:52:24,signup
idmap_000402,anon_14b94b0b21eddd13,cust_00352,2025-05-15T18:52:29,login
idmap_000403,anon_6bb652540eff99e0,cust_00353,2024-10-22T05:47:34,signup
idmap_000404,anon_e5980c5d274cf378,cust_00353,2025-12-30T21:14:51,login
idmap_000405,anon_ea0863f7c8ffa868,cust_00354,2024-03-28T04:11:02,signup
idmap_000406,anon_5dc5d930721bbd06,cust_00355,2026-05-27T11:49:05,signup
idmap_000407,anon_6694a6b3125fb50a,cust_00355,2026-06-03T15:58:32,login
idmap_000408,anon_590eb9c324e847d2,cust_00356,2026-01-14T14:52:55,signup
idmap_000409,anon_70f228322566cc9b,cust_00357,2025-04-27T11:10:27,signup
idmap_000410,anon_feb437e213b16dd2,cust_00358,2025-06-25T07:06:50,signup
idmap_000411,anon_b1aaed4135ccf615,cust_00359,2024-07-16T17:37:02,signup
idmap_000412,anon_87402e819035556f,cust_00360,2025-02-09T00:35:28,signup
idmap_000413,anon_45fa760517605afb,cust_00361,2025-05-24T00:01:10,signup
idmap_000414,anon_efc96d9b2abb0def,cust_00362,2025-06-28T05:44:30,signup
idmap_000415,anon_ed768666ef118f00,cust_00363,2025-07-09T10:00:58,signup
idmap_000416,anon_f4ee28ca5aba4d5c,cust_00364,2024-08-18T21:55:48,signup
idmap_000417,anon_0a5e41e7b944f887,cust_00365,2025-06-20T01:38:18,signup
idmap_000418,anon_2a3bcff23ccd36ca,cust_00366,2026-02-14T21:32:36,signup
idmap_000419,anon_f544059155e272cd,cust_00367,2025-05-23T22:25:55,signup
idmap_000420,anon_4235335bb804e654,cust_00368,2025-12-10T11:18:44,signup
idmap_000421,anon_d9cd6b184e53f6ab,cust_00369,2025-03-12T00:49:39,signup
idmap_000422,anon_7508f1f9ef530c7d,cust_00370,2024-01-01T05:03:05,signup
idmap_000423,anon_28212e0677b3f4b2,cust_00370,2024-08-03T03:40:44,login
idmap_000424,anon_e572f13c282baed2,cust_00371,2024-11-10T11:32:12,signup
idmap_000425,anon_f898032e954bd52c,cust_00372,2023-11-29T05:29:30,signup
idmap_000426,anon_3b7b9f52e74efcaf,cust_00373,2024-02-09T12:07:09,signup
idmap_000427,anon_7ed461b34385df02,cust_00374,2025-02-02T10:22:39,signup
idmap_000428,anon_62be558e35f61d79,cust_00375,2026-05-25T09:44:32,signup
idmap_000429,anon_c17ff5dafb0a84dc,cust_00376,2023-12-20T18:33:39,signup
idmap_000430,anon_a5d960f809fcc32b,cust_00377,2025-01-26T18:19:34,signup
idmap_000431,anon_5e17a35dd5380e00,cust_00378,2024-03-25T23:15:52,signup
idmap_000432,anon_34233b48538f031f,cust_00379,2024-08-15T22:14:50,signup
idmap_000433,anon_f5a9c0e3d2782be7,cust_00380,2025-04-28T02:54:43,signup
idmap_000434,anon_46511dfc9c64d559,cust_00381,2024-02-13T01:09:10,signup
idmap_000435,anon_ee1bfada25595ce1,cust_00382,2025-05-04T17:42:19,signup
idmap_000436,anon_1cf99f8b74cc51e5,cust_00383,2026-01-14T07:12:54,signup
idmap_000437,anon_d1f2df1ff5e26302,cust_00384,2024-04-06T03:34:30,signup
idmap_000438,anon_0d4a0170c794d016,cust_00385,2024-09-19T02:33:14,signup
idmap_000439,anon_41ac1ffe08f7d995,cust_00386,2024-04-06T23:07:23,signup
idmap_000440,anon_bd0bac0c60c1b584,cust_00387,2026-03-27T09:49:15,signup
idmap_000441,anon_7b4a86a9035e7c20,cust_00389,2025-07-18T14:05:40,signup
idmap_000442,anon_a2fcc186aecc4607,cust_00389,2025-08-11T09:53:36,login
idmap_000443,anon_1ad6861f187d4750,cust_00390,2024-08-28T20:51:59,signup
idmap_000444,anon_2757f6df33f19e23,cust_00391,2024-07-12T19:56:46,signup
idmap_000445,anon_b6ef384e6b46d1bb,cust_00392,2026-01-15T17:43:18,signup
idmap_000446,anon_ec255228478c8bd5,cust_00392,2026-02-06T06:01:16,login
idmap_000447,anon_ab6e72670f8a0583,cust_00393,2025-08-26T05:35:12,signup
idmap_000448,anon_82e2cadf9aa670e3,cust_00394,2024-03-14T09:40:48,signup
idmap_000449,anon_363019e36cc54307,cust_00395,2024-05-26T18:00:11,signup
idmap_000450,anon_9782e298acbe86da,cust_00396,2024-10-23T06:50:05,signup
idmap_000451,anon_9432dad430ea9e75,cust_00397,2026-07-12T17:29:11,signup
idmap_000452,anon_f47c2b56ed3f2ccc,cust_00398,2026-01-09T18:47:13,signup
idmap_000453,anon_78bfcaab2bae478e,cust_00399,2024-06-12T23:40:12,signup
idmap_000454,anon_54a023f987097fb6,cust_00400,2026-07-18T21:20:10,signup
idmap_000455,anon_43f3e3ef898b0f76,cust_00401,2023-12-13T11:55:37,signup
idmap_000456,anon_03ec0ad85192c902,cust_00402,2025-11-07T09:55:42,signup
idmap_000457,anon_c98a4e82930aa0ac,cust_00403,2024-06-04T05:19:54,signup
idmap_000458,anon_be0dd0c9c825e22f,cust_00403,2024-08-22T15:44:19,login
idmap_000459,anon_9b2e8c23c8efefd5,cust_00404,2025-06-15T15:12:52,signup
idmap_000460,anon_269e005354c098e5,cust_00405,2026-03-15T03:08:21,signup
idmap_000461,anon_c46fb67027dd92a8,cust_00406,2025-11-10T03:57:41,signup
idmap_000462,anon_2f0fafc30a6417fc,cust_00407,2024-10-15T19:44:57,signup
idmap_000463,anon_e4c56ea8a2b8fb4d,cust_00408,2023-11-25T11:34:53,signup
idmap_000464,anon_500fadf936cbac13,cust_00409,2025-09-06T02:33:36,signup
idmap_000465,anon_5f88c8c2987a93ef,cust_00410,2024-11-03T08:38:29,signup
idmap_000466,anon_5b2e8c259c8d6d7e,cust_00411,2023-12-03T20:31:31,signup
idmap_000467,anon_3df86225b8b9b79b,cust_00412,2025-08-31T23:37:10,signup
idmap_000468,anon_e34fb70088e3b111,cust_00413,2025-03-10T00:04:59,signup
idmap_000469,anon_4d3176d1cf04418e,cust_00414,2025-01-14T01:15:03,signup
idmap_000470,anon_ad58d23848ba6443,cust_00415,2026-01-04T01:46:59,signup
idmap_000471,anon_4b46456c2e170a56,cust_00416,2024-02-01T09:56:35,signup
idmap_000472,anon_a86ababb15b3da00,cust_00417,2026-01-07T07:42:25,signup
idmap_000473,anon_8f01d3956ccc6ef0,cust_00418,2026-02-26T14:07:04,signup
idmap_000474,anon_983854353c1fd8a0,cust_00419,2023-12-09T21:24:32,signup
idmap_000475,anon_1282ee1bd797dac3,cust_00420,2024-06-08T19:25:31,signup
idmap_000476,anon_31036e94891bf2a5,cust_00421,2023-12-13T22:25:55,signup
idmap_000477,anon_195c7d2a4b6fe22c,cust_00422,2025-09-28T22:50:27,signup
idmap_000478,anon_2e020538e30baf8e,cust_00423,2024-02-28T11:39:18,signup
idmap_000479,anon_dd39c2f25d4bf40b,cust_00424,2026-01-21T02:34:15,signup
idmap_000480,anon_4e1cf649defd1519,cust_00424,2026-02-05T08:22:28,login
idmap_000481,anon_f5becbd3171b8807,cust_00425,2025-01-15T03:52:24,signup
idmap_000482,anon_e357248f43a4e7a3,cust_00425,2025-01-16T00:06:11,login
idmap_000483,anon_7a9b19c7d9f98c85,cust_00426,2025-12-19T16:53:20,signup
idmap_000484,anon_0a16e72ccbaa8d3b,cust_00427,2025-10-29T13:41:34,signup
idmap_000485,anon_dc300f367b1725db,cust_00428,2026-01-19T06:55:17,signup
idmap_000486,anon_91d1531a57e6aaf3,cust_00429,2025-12-16T01:43:16,signup
idmap_000487,anon_b42717f16cf96905,cust_00430,2024-01-13T05:14:18,signup
idmap_000488,anon_d2bcf3c6db0ab6f2,cust_00432,2025-08-21T13:57:26,signup
idmap_000489,anon_7864094cc10724cd,cust_00433,2025-05-23T03:12:22,signup
idmap_000490,anon_3afdd179229c8787,cust_00434,2025-02-08T06:45:07,signup
idmap_000491,anon_9f53f7937b24e3ef,cust_00434,2026-06-19T22:50:34,login
idmap_000492,anon_292f875792902d4b,cust_00435,2025-04-25T20:38:50,signup
idmap_000493,anon_6f47638034549ac1,cust_00436,2025-11-22T05:04:20,signup
idmap_000494,anon_8aceea70d2e05188,cust_00437,2024-04-07T07:58:56,signup
idmap_000495,anon_2a5bf715df75e228,cust_00437,2025-12-04T14:53:59,login
idmap_000496,anon_d2ba75b7cc4f709f,cust_00438,2025-11-25T08:55:28,signup
idmap_000497,anon_b4dcb68709b9e88e,cust_00439,2024-09-24T23:22:53,signup
idmap_000498,anon_5ecdeefeff7d4aac,cust_00440,2024-01-07T17:42:34,signup
idmap_000499,anon_fa41defa40931703,cust_00441,2025-01-09T06:25:15,signup
idmap_000500,anon_81d2449887be1825,cust_00442,2023-12-18T18:11:02,signup
idmap_000501,anon_8cc074a6ade5631b,cust_00443,2026-05-29T12:23:06,signup
idmap_000502,anon_f9847561e797d44b,cust_00444,2024-01-28T08:25:39,signup
idmap_000503,anon_b751c34f8d47283e,cust_00444,2025-09-04T01:44:02,login
idmap_000504,anon_ccd529502f16a514,cust_00445,2026-02-22T17:19:35,signup
idmap_000505,anon_eef0754acbc75f58,cust_00446,2025-01-07T00:39:23,signup
idmap_000506,anon_b97e168c91a15935,cust_00446,2025-02-03T18:04:04,login
idmap_000507,anon_39f800ac0a37cbed,cust_00447,2024-01-15T17:26:44,signup
idmap_000508,anon_a23f903f5bdc9be9,cust_00448,2026-04-06T11:15:47,signup
idmap_000509,anon_2fb774c4c20ea7c9,cust_00449,2023-11-28T16:36:33,signup
idmap_000510,anon_032f01242b5b538c,cust_00450,2023-12-14T21:02:00,signup
idmap_000511,anon_4b64b634b774cf10,cust_00451,2026-01-29T18:08:56,signup
idmap_000512,anon_4d35bdbe2b7dfaaa,cust_00452,2024-11-21T20:41:32,signup
idmap_000513,anon_d565f4285e6d125c,cust_00452,2025-04-21T11:07:55,login
idmap_000514,anon_5159a0559e5df575,cust_00453,2026-07-04T18:20:02,signup
idmap_000515,anon_809ece2ba346f652,cust_00454,2023-08-17T13:11:02,signup
idmap_000516,anon_285a1664bfba01a8,cust_00455,2025-05-31T12:14:27,signup
idmap_000517,anon_4f718ff7bc6a7a95,cust_00457,2024-04-01T00:12:14,signup
idmap_000518,anon_1d933b7495f570df,cust_00458,2024-11-14T19:48:06,signup
idmap_000519,anon_81022b2070c71221,cust_00459,2026-04-16T09:53:06,signup
idmap_000520,anon_20a840910d9256d5,cust_00460,2025-11-08T00:37:53,signup
idmap_000521,anon_dd161108592bfc4f,cust_00461,2026-05-25T09:06:51,signup
idmap_000522,anon_6216fd871cfb5dd3,cust_00462,2025-06-26T20:38:16,signup
idmap_000523,anon_8412a72e12185a17,cust_00463,2025-12-09T22:39:17,signup
idmap_000524,anon_e171497cc4ee0f44,cust_00464,2023-12-08T03:28:03,signup
idmap_000525,anon_2f2f2d3c40db9074,cust_00464,2024-03-04T21:05:21,login
idmap_000526,anon_7d9e9504818b8341,cust_00465,2026-06-08T10:50:12,signup
idmap_000527,anon_be252ab4e149fd63,cust_00467,2024-05-01T22:02:56,signup
idmap_000528,anon_4fe953c7d835fb1b,cust_00468,2024-02-01T21:48:58,signup
idmap_000529,anon_cd3c0847f74563b4,cust_00468,2024-12-17T06:49:30,login
idmap_000530,anon_5287ba85191d52b2,cust_00469,2025-10-17T03:44:54,signup
idmap_000531,anon_ab11f466fa281d76,cust_00470,2024-03-04T06:40:56,signup
idmap_000532,anon_56165f245bab27b8,cust_00471,2023-10-27T21:51:03,signup
idmap_000533,anon_3256fab94c13830a,cust_00472,2024-01-09T07:44:07,signup
idmap_000534,anon_9617c2e5778ee602,cust_00473,2026-03-03T13:17:25,signup
idmap_000535,anon_6366a01a4f684b02,cust_00474,2025-11-01T06:57:12,signup
idmap_000536,anon_d15cd570a4b1739d,cust_00474,2026-07-04T02:51:03,login
idmap_000537,anon_fbef4988be5194a4,cust_00475,2024-10-25T15:54:14,signup
idmap_000538,anon_1ea62bbac4595be3,cust_00476,2024-09-24T16:04:13,signup
idmap_000539,anon_389d7fd5244dc99f,cust_00477,2025-08-16T23:29:15,signup
idmap_000540,anon_42f032fc0358f68a,cust_00478,2026-03-31T03:40:42,signup
idmap_000541,anon_42de6cb5ee38f14e,cust_00479,2024-06-17T05:50:00,signup
idmap_000542,anon_757d646aef62b44d,cust_00480,2026-07-17T11:49:06,signup
idmap_000543,anon_4f0022438a8de7a0,cust_00481,2026-04-01T03:10:34,signup
idmap_000544,anon_5fab0d83ad634ccc,cust_00482,2026-05-26T03:18:09,signup
idmap_000545,anon_143ba80065841ec9,cust_00483,2025-11-21T14:52:10,signup
idmap_000546,anon_8fa527a4cf0ac728,cust_00484,2026-04-09T07:51:04,signup
idmap_000547,anon_a21f5ae252cb3fe2,cust_00485,2026-06-20T22:53:28,signup
idmap_000548,anon_76c0cce5da9a69d6,cust_00485,2026-07-17T20:32:10,login
idmap_000549,anon_1b59bd8cc4d12259,cust_00486,2026-02-20T06:37:59,signup
idmap_000550,anon_c1632c00e54c2988,cust_00487,2024-11-27T21:16:17,signup
idmap_000551,anon_359dac50b5f556ab,cust_00488,2025-11-13T07:16:16,signup
idmap_000552,anon_ecf74ad684941004,cust_00489,2025-02-03T00:59:38,signup
idmap_000553,anon_aa69b5f6a74fba6a,cust_00490,2025-01-17T04:21:03,signup
idmap_000554,anon_937fb87b4a66eebe,cust_00491,2026-07-06T20:07:23,signup
idmap_000555,anon_0b36bae5193cec5a,cust_00491,2026-07-29T07:27:05,login
idmap_000556,anon_581810ce4101406a,cust_00492,2025-01-09T09:19:51,signup
idmap_000557,anon_cd6211657641cade,cust_00493,2024-03-21T07:29:39,signup
idmap_000558,anon_754fd653eb78f4a9,cust_00494,2025-02-09T08:20:34,signup
idmap_000559,anon_15fbadb856d59296,cust_00495,2024-10-23T11:40:29,signup
idmap_000560,anon_554416af39940df8,cust_00496,2024-07-11T17:34:03,signup
idmap_000561,anon_99c9f94d40ef0985,cust_00497,2025-02-06T12:28:34,signup
idmap_000562,anon_49c35e8cbe9f19c4,cust_00498,2024-05-07T07:10:35,signup
idmap_000563,anon_dd873da71180e290,cust_00499,2026-02-18T15:39:31,signup
idmap_000564,anon_0e71570c9aeab9bc,cust_00501,2023-12-23T13:45:35,signup
idmap_000565,anon_6eda5b67a414b466,cust_00502,2025-04-28T15:08:10,signup
idmap_000566,anon_99b03bfc9345e90f,cust_00503,2025-11-05T15:29:10,signup
idmap_000567,anon_e59cb6e0134f661e,cust_00503,2025-11-07T21:45:13,login
idmap_000568,anon_1400e8beb1af6cc8,cust_00504,2025-01-28T22:49:55,signup
idmap_000569,anon_a3435fe0577147b5,cust_00505,2024-07-15T00:54:11,signup
idmap_000570,anon_e0551fc2620b8adf,cust_00506,2024-10-25T06:11:26,signup
idmap_000571,anon_5c51ab5a87c214fc,cust_00507,2025-08-30T20:50:45,signup
idmap_000572,anon_88117d12ecf9f3db,cust_00507,2025-09-08T02:49:34,login
idmap_000573,anon_751c9b72c2e897fb,cust_00508,2025-01-11T13:52:27,signup
idmap_000574,anon_444d45e6dc11c2f4,cust_00509,2026-06-04T13:14:16,signup
idmap_000575,anon_2c6e544845835676,cust_00510,2025-11-26T07:59:29,signup
idmap_000576,anon_ad863c21272021fe,cust_00510,2025-12-19T21:05:50,login
idmap_000577,anon_d218815461f640df,cust_00511,2024-06-03T22:38:14,signup
idmap_000578,anon_ed0de1227444bb2d,cust_00511,2024-06-08T12:36:05,login
idmap_000579,anon_ee7011bf19119cea,cust_00512,2026-01-20T07:03:11,signup
idmap_000580,anon_6587dd591075aac2,cust_00513,2025-07-13T03:39:38,signup
idmap_000581,anon_5ffdafc02db97918,cust_00514,2024-08-15T08:34:12,signup
idmap_000582,anon_9de2b1713816c7a9,cust_00516,2025-04-16T08:36:27,signup
idmap_000583,anon_f361f9fd207dc193,cust_00517,2026-06-27T09:03:51,signup
idmap_000584,anon_d9331c8fdafa35bd,cust_00518,2026-01-22T14:06:32,signup
idmap_000585,anon_29d151f9fc3a3b88,cust_00519,2024-02-07T14:45:41,signup
idmap_000586,anon_443d3e4c0180fea4,cust_00520,2025-12-03T04:08:25,signup
idmap_000587,anon_07806774dc5a6f90,cust_00520,2026-02-20T10:08:08,login
idmap_000588,anon_759cb8161e81de50,cust_00521,2025-12-07T03:18:10,signup
idmap_000589,anon_b93e1d8e66c0ea45,cust_00521,2026-03-12T15:44:23,login
idmap_000590,anon_2c14b221bf9ae148,cust_00522,2025-04-04T11:01:23,signup
idmap_000591,anon_9a65c6366c692e20,cust_00523,2025-09-22T18:13:10,signup
idmap_000592,anon_6987d1b717a57048,cust_00524,2025-01-03T23:25:18,signup
idmap_000593,anon_59b58538ccd0ca62,cust_00525,2025-04-20T05:22:26,signup
idmap_000594,anon_f544d50b5715ecc6,cust_00525,2026-03-29T02:10:59,login
idmap_000595,anon_6e3238d10efb2cb6,cust_00526,2024-09-11T03:28:40,signup
idmap_000596,anon_1f85db26f4cdf918,cust_00527,2025-09-06T08:03:02,signup
idmap_000597,anon_87928014a395b23e,cust_00528,2025-01-22T23:49:31,signup
idmap_000598,anon_5fb5f1b8d7199100,cust_00529,2026-01-19T12:38:23,signup
idmap_000599,anon_6beb88881e5f6d9c,cust_00529,2026-01-28T00:35:50,login
idmap_000600,anon_b32a7a6e57c1f6c7,cust_00530,2025-01-28T06:35:18,signup
idmap_000601,anon_01a441dbeee03ba4,cust_00531,2024-02-25T10:04:49,signup
idmap_000602,anon_68c2be33830f4a8f,cust_00532,2026-01-18T21:07:53,signup
idmap_000603,anon_0a79e39b236b1a8a,cust_00533,2023-11-07T22:57:23,signup
idmap_000604,anon_d37b96718a6b0516,cust_00534,2023-09-26T16:53:12,signup
idmap_000605,anon_2f001cad1202036a,cust_00535,2026-02-23T00:51:24,signup
idmap_000606,anon_9fd0c6fa5718de32,cust_00536,2026-02-21T21:27:31,signup
idmap_000607,anon_fb10e617692c3387,cust_00536,2026-05-21T14:08:53,login
idmap_000608,anon_2f541f001a6409a2,cust_00537,2024-11-19T17:05:03,signup
idmap_000609,anon_106c333b660ae67d,cust_00538,2023-11-27T22:10:42,signup
idmap_000610,anon_91cc9c2802fdbd03,cust_00539,2025-12-15T10:41:49,signup
idmap_000611,anon_e14d1ee42320a14f,cust_00540,2025-06-16T22:31:51,signup
idmap_000612,anon_94c82cf5e8cf22f4,cust_00541,2023-10-11T05:43:33,signup
idmap_000613,anon_252e2c5cf2c9ff2b,cust_00542,2026-01-27T02:29:20,signup
idmap_000614,anon_f00a6d95e00e7474,cust_00543,2024-01-31T01:33:59,signup
idmap_000615,anon_2f1529d4864cb141,cust_00544,2025-07-26T06:55:48,signup
idmap_000616,anon_b5ba73cd0a691d75,cust_00544,2026-05-18T12:32:49,login
idmap_000617,anon_891cb2cc8e3a0dc8,cust_00545,2024-11-28T08:53:39,signup
idmap_000618,anon_adcd4f78b9dc72e6,cust_00545,2024-12-31T14:33:07,login
idmap_000619,anon_d96409dea221305c,cust_00546,2025-03-18T01:20:25,signup
idmap_000620,anon_9bc52072cfc5da48,cust_00547,2024-09-14T17:58:50,signup
idmap_000621,anon_f4a6c117f42138b9,cust_00548,2024-10-23T20:31:12,signup
idmap_000622,anon_ede11d2d885ea16f,cust_00549,2025-12-18T00:47:32,signup
idmap_000623,anon_b9769912b2f82468,cust_00550,2025-04-30T17:59:31,signup
idmap_000624,anon_4d3203521d5d202d,cust_00551,2025-11-11T18:11:38,signup
idmap_000625,anon_deb54bcaf2c3dffc,cust_00552,2025-10-09T22:18:27,signup
idmap_000626,anon_15db2208d2727b64,cust_00552,2025-10-11T16:13:39,login
idmap_000627,anon_1aff2610fe24e64d,cust_00554,2025-05-11T17:42:24,signup
idmap_000628,anon_0e39c716d076da52,cust_00555,2025-07-06T17:15:50,signup
idmap_000629,anon_0b08baf668a49862,cust_00556,2025-06-28T14:23:29,signup
idmap_000630,anon_e91a2478ee9abf79,cust_00557,2025-06-14T06:50:09,signup
idmap_000631,anon_f6f3c90f7696763e,cust_00558,2024-01-21T09:46:27,signup
idmap_000632,anon_2668c488f5d8f3af,cust_00559,2024-12-12T07:53:01,signup
idmap_000633,anon_66e31837794856e0,cust_00560,2026-05-28T22:41:00,signup
idmap_000634,anon_b3baeefba42ef0b0,cust_00561,2024-09-25T21:47:38,signup
idmap_000635,anon_e74b6746dddb83c5,cust_00562,2024-08-26T20:21:14,signup
idmap_000636,anon_9c136512b1bd273f,cust_00563,2026-03-13T21:39:43,signup
idmap_000637,anon_7c416d6d2f69b2d5,cust_00563,2026-05-08T06:46:24,login
idmap_000638,anon_6f22f9ecae47f19b,cust_00564,2026-06-13T06:08:39,signup
idmap_000639,anon_a556d629cbfa0292,cust_00565,2025-01-19T19:28:52,signup
idmap_000640,anon_dac7799fd1c5c7ab,cust_00566,2025-12-19T02:14:09,signup
idmap_000641,anon_5decfcd23a5491df,cust_00567,2025-11-13T01:46:31,signup
idmap_000642,anon_c88694a8aa5f2a3f,cust_00568,2025-11-26T18:54:24,signup
idmap_000643,anon_81267c89df4e6861,cust_00569,2025-07-11T15:00:21,signup
idmap_000644,anon_e27048695d46185a,cust_00570,2024-05-09T15:43:17,signup
idmap_000645,anon_0b7de5569aeafded,cust_00571,2025-01-21T00:52:02,signup
idmap_000646,anon_42498779e406b7d4,cust_00572,2025-09-01T02:11:56,signup
idmap_000647,anon_1296c715c2a1b18a,cust_00573,2025-01-29T17:55:44,signup
idmap_000648,anon_f7e0110ac78b7a9f,cust_00573,2025-05-12T10:39:38,login
idmap_000649,anon_896df10ac27b41e3,cust_00574,2024-11-17T17:44:29,signup
idmap_000650,anon_b2821442b7880d3d,cust_00575,2026-01-10T07:17:23,signup
idmap_000651,anon_7e035b470989790c,cust_00575,2026-07-27T02:53:02,login
idmap_000652,anon_17c078f84f29179b,cust_00576,2025-09-23T21:19:02,signup
idmap_000653,anon_709831de26627ae8,cust_00576,2026-05-06T03:05:23,login
idmap_000654,anon_bc0b5271ffd5947d,cust_00577,2024-06-11T19:29:04,signup
idmap_000655,anon_7c53b9456e1acfdb,cust_00578,2025-01-26T01:15:10,signup
idmap_000656,anon_4efd50c114a4b45c,cust_00578,2025-08-16T08:09:30,login
idmap_000657,anon_2120554d4a380c21,cust_00579,2025-03-08T11:02:21,signup
idmap_000658,anon_5eb70c600ebed7d5,cust_00580,2024-12-23T15:55:51,signup
idmap_000659,anon_13344fed059791fc,cust_00581,2025-12-01T04:19:33,signup
idmap_000660,anon_84b5a88d4052595f,cust_00582,2023-09-19T17:57:37,signup
idmap_000661,anon_73b2bfff93d9438b,cust_00583,2024-09-12T12:42:20,signup
idmap_000662,anon_b4becd7aa3594992,cust_00584,2025-03-10T02:04:37,signup
idmap_000663,anon_39a7e3887b459598,cust_00585,2026-04-18T14:17:08,signup
idmap_000664,anon_79b2c25fbb1a6890,cust_00586,2024-08-28T09:03:53,signup
idmap_000665,anon_0d4974e6649dfe09,cust_00587,2024-11-08T19:43:19,signup
idmap_000666,anon_3690667cacd9c058,cust_00589,2026-03-04T09:11:59,signup
idmap_000667,anon_358ce548e9832aa5,cust_00590,2025-11-27T00:18:57,signup
idmap_000668,anon_e4e6d4cf34e72d53,cust_00591,2024-10-18T00:29:03,signup
idmap_000669,anon_248c4ce0586a7b7e,cust_00591,2025-12-03T01:26:26,login
idmap_000670,anon_49d35bb14f8df702,cust_00592,2024-06-06T16:41:27,signup
idmap_000671,anon_fe80cdd846d85891,cust_00593,2025-02-16T17:27:53,signup
idmap_000672,anon_d65d212243f69001,cust_00594,2025-02-28T03:15:31,signup
idmap_000673,anon_c9fc64f9a5323ce6,cust_00595,2024-07-13T08:02:49,signup
idmap_000674,anon_076183b2197844f4,cust_00596,2025-05-28T16:01:18,signup
idmap_000675,anon_18ac2a21ceb4ec2f,cust_00597,2024-11-10T23:16:14,signup
idmap_000676,anon_a667e8b13c98349a,cust_00597,2025-04-17T01:25:34,login
idmap_000677,anon_d4a1ebc71e5f9ad5,cust_00598,2023-08-14T20:49:47,signup
idmap_000678,anon_59adaa4f255be4e8,cust_00599,2024-09-22T23:07:32,signup
idmap_000679,anon_fd7d70a716f93839,cust_00600,2024-02-06T22:49:58,signup
idmap_000680,anon_7d142019f45b2cf9,cust_00601,2024-02-01T01:28:10,signup
idmap_000681,anon_c1e6975d55aab215,cust_00601,2026-04-16T22:26:24,login
idmap_000682,anon_85355c01fe1a0c4d,cust_00602,2025-08-18T13:42:23,signup
idmap_000683,anon_8f00b0088f0488a4,cust_00602,2025-09-05T23:43:51,login
idmap_000684,anon_96fa10c70fa987b0,cust_00603,2024-12-04T17:07:20,signup
idmap_000685,anon_8f6e515a98ecc110,cust_00604,2025-06-26T20:07:03,signup
idmap_000686,anon_b3af1983be9d01bf,cust_00604,2025-08-03T18:20:01,login
idmap_000687,anon_1627bec4baad1ab5,cust_00605,2026-02-27T01:59:54,signup
idmap_000688,anon_02c1635d9e0c6605,cust_00606,2024-01-30T08:44:36,signup
idmap_000689,anon_3403413aa6533b0d,cust_00606,2024-05-08T00:37:02,login
idmap_000690,anon_9d7a8de4057e6313,cust_00607,2025-07-30T11:15:55,signup
idmap_000691,anon_fa2c7745389aebcb,cust_00608,2026-02-24T15:27:54,signup
idmap_000692,anon_29aa319f5a99c00f,cust_00609,2024-09-10T13:56:28,signup
idmap_000693,anon_d2dc54d77f21b3d0,cust_00609,2025-08-10T12:24:50,login
idmap_000694,anon_7bef9e55cd32d7a3,cust_00610,2026-05-23T21:46:58,signup
idmap_000695,anon_44d4129383903335,cust_00611,2023-12-26T18:39:19,signup
idmap_000696,anon_ecd2c3180fc9af11,cust_00612,2024-12-22T16:23:41,signup
idmap_000697,anon_3fd3d52a092b8560,cust_00613,2024-07-24T13:06:00,signup
idmap_000698,anon_7ac82ccd32e9adae,cust_00614,2023-11-14T12:58:41,signup
idmap_000699,anon_a4089250e5a66d56,cust_00614,2024-07-11T09:11:00,login
idmap_000700,anon_055771190173f52a,cust_00615,2024-04-12T16:28:59,signup
idmap_000701,anon_213938f7c734bc6e,cust_00616,2023-08-19T21:49:07,signup
idmap_000702,anon_1dff30b822efdee0,cust_00617,2023-08-29T03:49:11,signup
idmap_000703,anon_681ceb7e02346055,cust_00618,2025-03-09T11:51:44,signup
idmap_000704,anon_83d3b1707de5e835,cust_00619,2026-07-30T20:42:21,signup
idmap_000705,anon_c00d0b7027231f79,cust_00620,2025-08-25T07:59:18,signup
idmap_000706,anon_463d990197d30cdd,cust_00620,2025-08-31T01:43:19,login
idmap_000707,anon_a6fbae70f3eecd34,cust_00621,2025-01-10T18:55:32,signup
idmap_000708,anon_f1f5a29c595b9cc0,cust_00622,2023-09-16T20:20:27,signup
idmap_000709,anon_384cd6f1c10b8e06,cust_00623,2026-06-02T16:08:40,signup
idmap_000710,anon_9a4a53ebece6dec0,cust_00624,2026-04-16T22:53:32,signup
idmap_000711,anon_742b81d1328f85d3,cust_00624,2026-05-12T14:27:34,login
idmap_000712,anon_da9dc0c436562c68,cust_00625,2023-08-22T16:29:46,signup
idmap_000713,anon_f6d0f3e4db828e58,cust_00625,2025-01-24T17:29:07,login
idmap_000714,anon_b7e2ab533e561b5c,cust_00626,2024-08-02T23:04:56,signup
idmap_000715,anon_0010568d71f637d7,cust_00627,2025-01-09T07:22:32,signup
idmap_000716,anon_bd78bdc8aeceeede,cust_00628,2025-02-22T12:13:53,signup
idmap_000717,anon_873479b6b4fc9ae3,cust_00629,2025-09-21T00:58:35,signup
idmap_000718,anon_f5c531968a9102ab,cust_00630,2024-01-08T09:59:55,signup
idmap_000719,anon_19f542b2ba9fe8a2,cust_00630,2024-02-09T04:26:19,login
idmap_000720,anon_7fb27c6763348afb,cust_00631,2024-11-17T05:07:46,signup
idmap_000721,anon_85fb49c3ff93bcfd,cust_00632,2024-01-20T18:05:32,signup
idmap_000722,anon_08d1623d789fa942,cust_00633,2025-12-03T16:38:06,signup
idmap_000723,anon_09d7e641144df7dc,cust_00634,2023-09-21T05:07:17,signup
idmap_000724,anon_cb34d76adeef9a40,cust_00634,2023-10-01T15:53:34,login
idmap_000725,anon_c6c9e23260c71d9a,cust_00635,2025-01-25T16:57:29,signup
idmap_000726,anon_e2104935877a506a,cust_00636,2026-05-21T11:27:09,signup
idmap_000727,anon_d12f4a663f53a7df,cust_00637,2024-03-06T02:21:48,signup
idmap_000728,anon_fc600d4e9a7ab518,cust_00638,2024-08-17T22:36:09,signup
idmap_000729,anon_84025b3cb9fea23c,cust_00638,2025-03-15T08:56:24,login
idmap_000730,anon_1e8eab17d866433a,cust_00639,2025-03-30T15:47:19,signup
idmap_000731,anon_5c637d07accac04d,cust_00640,2025-09-20T05:51:09,signup
idmap_000732,anon_5b5931a6a226541b,cust_00640,2026-01-26T19:38:18,login
idmap_000733,anon_dc092fed2b462b36,cust_00641,2024-11-02T09:57:54,signup
idmap_000734,anon_9c1062aa67b3d48e,cust_00642,2025-03-10T03:35:36,signup
idmap_000735,anon_d033f6c5593d5787,cust_00643,2024-01-29T04:17:06,signup
idmap_000736,anon_70affc10ba821b67,cust_00644,2025-01-27T18:36:03,signup
idmap_000737,anon_ffcff4958fabae36,cust_00645,2025-06-13T22:48:38,signup
idmap_000738,anon_480d3024b7e6ac7d,cust_00646,2024-11-24T05:50:08,signup
idmap_000739,anon_740f90d3005bce35,cust_00647,2024-10-25T22:49:25,signup
idmap_000740,anon_92a830c6590916ff,cust_00647,2025-07-09T22:58:43,login
idmap_000741,anon_0d0e4e517513d774,cust_00648,2026-04-23T14:14:05,signup
idmap_000742,anon_5170d937a57d3217,cust_00649,2026-05-02T22:46:42,signup
idmap_000743,anon_71d93f8ed576f344,cust_00650,2024-11-02T06:01:32,signup
idmap_000744,anon_58e9e539845dc053,cust_00651,2025-12-22T09:08:23,signup
idmap_000745,anon_c99b34151ee419e6,cust_00652,2026-02-14T23:04:02,signup
idmap_000746,anon_34bf77688b0f15b5,cust_00652,2026-05-29T05:58:46,login
idmap_000747,anon_e7aabd69bdb9cd05,cust_00653,2025-06-25T21:42:53,signup
idmap_000748,anon_893df53e03415375,cust_00654,2025-02-03T15:38:39,signup
idmap_000749,anon_36acc623a5f9a8d9,cust_00655,2024-01-23T00:55:34,signup
idmap_000750,anon_a298fca77e192b4e,cust_00656,2025-02-27T00:24:58,signup
idmap_000751,anon_c8ed6eaf73ccba7b,cust_00657,2025-06-29T11:16:49,signup
idmap_000752,anon_c58cac24a469981f,cust_00658,2023-09-28T01:27:49,signup
idmap_000753,anon_8fbe92219d24e8f1,cust_00659,2024-06-20T11:40:26,signup
idmap_000754,anon_420d9615fc7a0981,cust_00659,2025-06-13T14:20:49,login
idmap_000755,anon_7f429a50e029bc98,cust_00660,2026-04-20T02:00:41,signup
idmap_000756,anon_812382e71b502c51,cust_00661,2023-10-12T16:46:21,signup
idmap_000757,anon_f394096f45bc109a,cust_00662,2023-12-29T22:15:32,signup
idmap_000758,anon_7839803a0cb470fd,cust_00663,2023-08-07T22:32:19,signup
idmap_000759,anon_19e96cd6e7939a83,cust_00664,2026-01-18T04:44:56,signup
idmap_000760,anon_add9483e369e9609,cust_00665,2026-04-29T01:22:42,signup
idmap_000761,anon_71f9c2e487603cf6,cust_00666,2024-05-23T01:33:16,signup
idmap_000762,anon_63e952f7831ea5ad,cust_00667,2026-04-17T01:01:39,signup
idmap_000763,anon_cbbc5db7a4f94db0,cust_00668,2024-01-01T15:50:09,signup
idmap_000764,anon_8be966fb9e0fea89,cust_00669,2025-11-08T16:56:10,signup
idmap_000765,anon_cb996ff347b1d5f9,cust_00669,2025-12-25T16:54:17,login
idmap_000766,anon_800e963622452d1e,cust_00670,2023-09-14T14:52:31,signup
idmap_000767,anon_b0cd2157abb7efca,cust_00671,2024-12-27T19:27:35,signup
idmap_000768,anon_975ed026b09cfb74,cust_00672,2026-06-02T21:30:16,signup
idmap_000769,anon_868c4be5d4a9a0ca,cust_00673,2023-10-21T13:35:21,signup
idmap_000770,anon_5171413c96bf0d56,cust_00674,2025-11-16T12:39:44,signup
idmap_000771,anon_3a673e329a7a74f5,cust_00675,2025-11-30T18:58:33,signup
idmap_000772,anon_47adab4e4f6b0c50,cust_00676,2025-07-17T14:07:26,signup
idmap_000773,anon_c2fc971c323d31f3,cust_00677,2024-07-09T15:46:24,signup
idmap_000774,anon_42cf49948d154ce3,cust_00678,2026-05-17T04:45:01,signup
idmap_000775,anon_1bbcdfa817fa87b8,cust_00679,2026-04-06T15:33:28,signup
idmap_000776,anon_171e8971a41be155,cust_00680,2025-01-14T23:37:47,signup
idmap_000777,anon_09da565d2c609a5e,cust_00680,2025-04-21T23:47:12,login
idmap_000778,anon_348b4c1d4db20905,cust_00681,2024-05-08T14:03:30,signup
idmap_000779,anon_32c7bb0e760f8594,cust_00682,2025-11-26T16:18:25,signup
idmap_000780,anon_0c9e947aa96bea09,cust_00683,2025-07-21T12:49:23,signup
idmap_000781,anon_fbd9005398474c10,cust_00684,2025-06-30T09:09:35,signup
idmap_000782,anon_fcd0636d344a5c2b,cust_00685,2024-11-22T23:32:21,signup
idmap_000783,anon_cde8183a6e2aaf5c,cust_00686,2023-08-26T23:15:05,signup
idmap_000784,anon_9609b7c1c5c77b0f,cust_00686,2023-10-21T06:15:01,login
idmap_000785,anon_b51be600ad89aa1f,cust_00687,2025-12-03T01:36:04,signup
idmap_000786,anon_196fe4f34d9fe173,cust_00688,2024-09-03T01:13:06,signup
idmap_000787,anon_a11a4a580ea871d0,cust_00689,2024-01-12T06:36:47,signup
idmap_000788,anon_0a5dc411fb9743fe,cust_00690,2024-09-14T19:25:10,signup
idmap_000789,anon_b119c90a64d4fa15,cust_00691,2024-09-07T05:17:14,signup
idmap_000790,anon_95e0501a6eedb5ff,cust_00692,2026-01-13T11:27:11,signup
idmap_000791,anon_6b7b91f3983ba891,cust_00693,2026-05-14T03:21:56,signup
idmap_000792,anon_f108d6125c2d1405,cust_00694,2025-09-30T22:40:57,signup
idmap_000793,anon_fab2381a5d75ee55,cust_00695,2026-03-07T18:19:32,signup
idmap_000794,anon_e964b1bbb546ade7,cust_00695,2026-04-28T22:39:47,login
idmap_000795,anon_e6b04e1328dcbb06,cust_00696,2026-02-01T04:40:58,signup
idmap_000796,anon_87afc13b2ad7142a,cust_00697,2026-06-18T18:04:04,signup
idmap_000797,anon_7e60c87a0eae8449,cust_00698,2023-12-06T13:49:38,signup
idmap_000798,anon_b970689637a055b2,cust_00698,2025-08-09T11:37:15,login
idmap_000799,anon_242de184aa615ed0,cust_00699,2025-04-30T02:10:11,signup
idmap_000800,anon_96fcd203e8653ab2,cust_00700,2025-01-30T20:24:06,signup
idmap_000801,anon_2321a6e894d2729a,cust_00701,2025-02-21T22:50:35,signup
idmap_000802,anon_e55a78579625ce6a,cust_00702,2025-11-07T19:58:19,signup
idmap_000803,anon_4621ebd6faa95c75,cust_00702,2025-12-26T19:27:55,login
idmap_000804,anon_8d295b15e4b5c8dc,cust_00703,2026-02-26T20:30:49,signup
idmap_000805,anon_a966461501ec19e9,cust_00704,2024-12-18T18:45:27,signup
idmap_000806,anon_67de1fd4224760f5,cust_00705,2024-01-29T12:35:15,signup
idmap_000807,anon_41eee52708035020,cust_00705,2024-12-19T03:37:26,login
idmap_000808,anon_cb11fdd5b70e5de2,cust_00706,2026-07-10T14:33:19,signup
idmap_000809,anon_1edc7882f1bc5e5b,cust_00707,2026-05-30T14:30:51,signup
idmap_000810,anon_9710e3183991a175,cust_00708,2025-11-25T13:33:59,signup
idmap_000811,anon_6162fee51b4b4afc,cust_00708,2025-12-13T00:17:04,login
idmap_000812,anon_e21f62a1eb7163f5,cust_00709,2025-01-27T20:24:05,signup
idmap_000813,anon_6073e93ec677e5a0,cust_00710,2026-01-24T09:10:05,signup
idmap_000814,anon_54af33cfc267f8ee,cust_00711,2026-04-25T03:00:06,signup
idmap_000815,anon_b1e2cbc82190bfed,cust_00712,2025-08-25T02:20:26,signup
idmap_000816,anon_917a285656ecb92f,cust_00713,2025-11-15T13:03:27,signup
idmap_000817,anon_955ffb3e026782f6,cust_00714,2023-10-04T02:11:27,signup
idmap_000818,anon_f0a6bf465681a09e,cust_00715,2025-08-10T16:39:19,signup
idmap_000819,anon_534cb18efa243444,cust_00715,2025-12-15T22:12:57,login
idmap_000820,anon_04fd3b8d5e6ce9b4,cust_00716,2026-03-11T11:32:09,signup
idmap_000821,anon_c7144a96de3eedb3,cust_00717,2026-01-05T09:13:24,signup
idmap_000822,anon_abdbe3148bc86a6f,cust_00718,2025-09-28T00:04:19,signup
idmap_000823,anon_e5403f6af7149d46,cust_00719,2025-03-20T09:51:56,signup
idmap_000824,anon_02eacab369bc88a5,cust_00719,2025-07-02T03:06:18,login
idmap_000825,anon_ad244c25407ab978,cust_00720,2024-03-25T03:09:27,signup
idmap_000826,anon_b848ef1f5ccef43b,cust_00721,2024-02-24T01:46:13,signup
idmap_000827,anon_e297a8d5d155e04b,cust_00722,2024-01-08T20:35:59,signup
idmap_000828,anon_7eebbff498865ecc,cust_00723,2025-11-27T04:38:19,signup
idmap_000829,anon_8285fa2adcab95ea,cust_00724,2024-05-19T08:29:01,signup
idmap_000830,anon_146ab7e37fe82b5b,cust_00725,2024-02-13T19:13:05,signup
idmap_000831,anon_593f6b8fd4b2b48f,cust_00725,2024-02-15T16:30:45,login
idmap_000832,anon_6c9de74192e9c26a,cust_00726,2026-03-18T10:48:26,signup
idmap_000833,anon_a6c56047ed573007,cust_00726,2026-06-05T06:29:07,login
idmap_000834,anon_1f3e224f4c42fd7b,cust_00727,2026-02-20T12:08:44,signup
idmap_000835,anon_536c586c5f5b2b8d,cust_00728,2024-05-28T10:24:47,signup
idmap_000836,anon_c39c25f849d924b8,cust_00729,2026-02-12T08:25:21,signup
idmap_000837,anon_5ca8f5039d44b7e2,cust_00730,2023-09-14T20:44:13,signup
idmap_000838,anon_8562b82e4fdb1ec1,cust_00731,2025-11-23T09:51:34,signup
idmap_000839,anon_d2dc83cd61af5b18,cust_00732,2024-08-08T08:19:53,signup
idmap_000840,anon_9b6b28fd51c1fa02,cust_00733,2023-10-10T08:27:20,signup
idmap_000841,anon_d3d7b8b53023abf9,cust_00734,2026-05-06T13:06:57,signup
idmap_000842,anon_eacf0821c15501df,cust_00735,2024-08-17T21:53:10,signup
idmap_000843,anon_73ad6c7efb47e7e2,cust_00736,2026-07-30T04:11:07,signup
idmap_000844,anon_6fb1fe4024da68a9,cust_00737,2024-07-21T21:45:40,signup
idmap_000845,anon_38dc70332fe6187c,cust_00737,2024-07-28T11:43:20,login
idmap_000846,anon_f2944dfc550952a3,cust_00738,2025-02-10T01:06:57,signup
idmap_000847,anon_b8b37733c9da4e6c,cust_00739,2026-06-08T07:00:20,signup
idmap_000848,anon_48ae2214c86ccd1f,cust_00740,2024-12-21T13:21:27,signup
idmap_000849,anon_6f182a4ba7f284db,cust_00741,2026-02-06T00:10:03,signup
idmap_000850,anon_62c5fe96a26490f1,cust_00742,2023-11-20T18:20:22,signup
idmap_000851,anon_d8b0786fd284ecee,cust_00742,2026-03-07T09:50:45,login
idmap_000852,anon_30a34fd6ff40ebd3,cust_00743,2026-01-13T11:06:23,signup
idmap_000853,anon_19c5b07464e3d781,cust_00744,2024-02-26T14:33:15,signup
idmap_000854,anon_78c29a01cbdbe550,cust_00745,2024-10-02T20:18:55,signup
idmap_000855,anon_d70ae8fe514491c4,cust_00746,2023-12-29T05:04:56,signup
idmap_000856,anon_d51095c670274400,cust_00747,2025-03-24T20:02:06,signup
idmap_000857,anon_a72f7510ff5a6b0a,cust_00748,2024-06-09T22:52:46,signup
idmap_000858,anon_4abfe7b44ee52774,cust_00749,2025-11-12T15:34:03,signup
idmap_000859,anon_76167daced84f1c3,cust_00750,2026-01-01T16:39:04,signup
idmap_000860,anon_5c53070e22f83238,cust_00750,2026-01-06T04:06:32,login
idmap_000861,anon_5250b78872477406,cust_00751,2024-11-19T13:39:47,signup
idmap_000862,anon_314c52de61cf9308,cust_00752,2023-09-16T11:44:31,signup
idmap_000863,anon_146447087184a6a7,cust_00753,2025-07-22T09:02:10,signup
idmap_000864,anon_3f39fa07113c6c5b,cust_00754,2025-11-14T15:29:54,signup
idmap_000865,anon_2ecf15620155962b,cust_00755,2025-01-05T05:09:03,signup
idmap_000866,anon_9747ea2eb568f11c,cust_00755,2025-05-20T21:59:41,login
idmap_000867,anon_646b1ebb2ac7aa93,cust_00756,2026-02-21T07:50:07,signup
idmap_000868,anon_66144e0deca9f820,cust_00757,2024-01-28T04:10:28,signup
idmap_000869,anon_103aace88014e5a1,cust_00758,2026-05-05T23:45:03,signup
idmap_000870,anon_e7a53fa0fb69b76b,cust_00759,2024-04-24T21:29:18,signup
idmap_000871,anon_83d20fc70c649667,cust_00759,2026-02-11T22:46:35,login
idmap_000872,anon_d34b3e3059003a44,cust_00760,2024-08-21T22:42:49,signup
idmap_000873,anon_d81a73bebd6d69db,cust_00761,2026-01-04T01:28:00,signup
idmap_000874,anon_7d39368a37ab1000,cust_00761,2026-01-09T16:33:18,login
idmap_000875,anon_ca8f97fba1105b16,cust_00762,2023-10-24T09:02:42,signup
idmap_000876,anon_e5e154f012e4cebc,cust_00763,2025-04-12T08:33:36,signup
idmap_000877,anon_75ef0954304ee81a,cust_00764,2025-09-10T15:24:47,signup
idmap_000878,anon_dc48adcfa1a69109,cust_00765,2024-12-07T00:37:20,signup
idmap_000879,anon_ec2ec475baffc2c1,cust_00765,2026-02-27T12:50:50,login
idmap_000880,anon_b934c86344495ffa,cust_00766,2024-12-03T02:11:24,signup
idmap_000881,anon_1b36e37dccb2de8f,cust_00767,2023-10-12T04:20:48,signup
idmap_000882,anon_5d7c4cf3016b24c3,cust_00768,2024-04-26T17:12:46,signup
idmap_000883,anon_c363a6e5e74b4304,cust_00769,2024-11-09T19:30:02,signup
idmap_000884,anon_54a17e6a166388ba,cust_00770,2026-01-24T06:04:34,signup
idmap_000885,anon_ee12b8f342841bcf,cust_00771,2024-12-08T21:11:47,signup
idmap_000886,anon_b78ff77c03d66fbe,cust_00771,2025-12-10T13:55:46,login
idmap_000887,anon_65446ec99d1bc080,cust_00772,2025-05-12T11:41:53,signup
idmap_000888,anon_02fd7cb5ba43c410,cust_00773,2024-09-13T02:52:34,signup
idmap_000889,anon_9aee24ca20763047,cust_00773,2024-10-27T00:25:30,login
idmap_000890,anon_6a1754e6dc1678b2,cust_00774,2026-06-15T04:42:51,signup
idmap_000891,anon_372806f8e1e1c391,cust_00775,2025-08-15T02:54:34,signup
idmap_000892,anon_f46d961484ca28f0,cust_00776,2025-01-06T06:25:37,signup
idmap_000893,anon_502be5f8ed9b00f7,cust_00777,2024-02-25T13:49:53,signup
idmap_000894,anon_10e57f56f809e99e,cust_00778,2025-02-12T08:44:49,signup
idmap_000895,anon_5a275200da3729c9,cust_00778,2025-06-24T04:55:05,login
idmap_000896,anon_9e102eae8357915e,cust_00779,2023-08-18T14:42:03,signup
idmap_000897,anon_d5799e294f910b44,cust_00780,2026-02-27T19:14:55,signup
idmap_000898,anon_1e29a2dfc91474d6,cust_00781,2024-12-10T07:47:22,signup
idmap_000899,anon_7c044f5b0414e021,cust_00782,2025-04-07T14:48:43,signup
idmap_000900,anon_96b7c29d368dd29d,cust_00783,2025-05-06T03:22:36,signup
idmap_000901,anon_798497529b362c54,cust_00784,2025-02-27T06:32:39,signup
idmap_000902,anon_5520e19812ac8ad6,cust_00785,2025-12-17T13:15:31,signup
idmap_000903,anon_a767f9cf0a3b91d4,cust_00786,2025-02-25T02:46:26,signup
idmap_000904,anon_1b7e68d5e35d2e81,cust_00787,2023-11-23T10:47:14,signup
idmap_000905,anon_eef8608b1eb771ac,cust_00788,2024-04-24T17:02:17,signup
idmap_000906,anon_551115b5e5694972,cust_00789,2025-03-24T08:50:17,signup
idmap_000907,anon_ea5db6e960677699,cust_00789,2025-11-08T14:19:26,login
idmap_000908,anon_30d7e73a29005326,cust_00790,2026-01-30T03:14:46,signup
idmap_000909,anon_dd5589e63077e04b,cust_00791,2026-04-26T19:08:11,signup
idmap_000910,anon_c7baad67ef4b2be4,cust_00792,2025-09-29T12:19:22,signup
idmap_000911,anon_3fb246001446d6d4,cust_00793,2024-01-17T23:46:58,signup
idmap_000912,anon_5f558c49f6e1e527,cust_00794,2024-12-06T17:32:28,signup
idmap_000913,anon_72ded6ff055666a5,cust_00795,2025-01-12T02:15:05,signup
idmap_000914,anon_a2e9eddf2e1f32b2,cust_00796,2024-09-16T11:06:35,signup
idmap_000915,anon_68084fc7ac114cc4,cust_00796,2025-11-12T16:53:59,login
idmap_000916,anon_10164d8a363c1151,cust_00797,2025-04-21T10:39:09,signup
idmap_000917,anon_0e68fc4610642e99,cust_00798,2024-12-07T23:23:36,signup
idmap_000918,anon_27ca043fbbbc0696,cust_00799,2025-02-06T14:43:38,signup
idmap_000919,anon_411fa55a0d73b9a5,cust_00800,2023-12-15T06:58:29,signup
idmap_000920,anon_bb4e0004f121c6a2,cust_00801,2025-06-20T18:11:39,signup
idmap_000921,anon_4c878f7a01b6d17e,cust_00801,2025-11-17T03:23:16,login
idmap_000922,anon_7deeecc9a9f33da9,cust_00802,2024-05-21T14:43:50,signup
idmap_000923,anon_ba428c02f1d1e29a,cust_00803,2024-09-10T17:34:34,signup
idmap_000924,anon_c59c4dd7fe7813d6,cust_00804,2025-09-25T21:40:30,signup
idmap_000925,anon_89c6da26093faaa7,cust_00805,2025-04-24T16:33:14,signup
idmap_000926,anon_d5f83eb4cfa23062,cust_00805,2025-09-06T00:44:34,login
idmap_000927,anon_ba8a4942553c4a1d,cust_00806,2025-11-14T22:59:06,signup
idmap_000928,anon_29d5752b3c928cba,cust_00806,2026-04-18T16:15:48,login
idmap_000929,anon_86cfb40714476c7e,cust_00807,2026-05-01T12:03:51,signup
idmap_000930,anon_241a1ca1b7c2ba42,cust_00808,2024-02-09T23:55:46,signup
idmap_000931,anon_d171103e38eb2031,cust_00809,2024-10-23T00:11:08,signup
idmap_000932,anon_2fa8d97ddf8cfb43,cust_00810,2025-09-05T06:57:12,signup
idmap_000933,anon_443ca79929baa96a,cust_00811,2025-07-29T03:44:42,signup
idmap_000934,anon_4b848ac79351e4d5,cust_00811,2025-08-01T16:02:32,login
idmap_000935,anon_d2ce656235099858,cust_00812,2025-09-27T07:23:26,signup
idmap_000936,anon_08acf5770320569a,cust_00813,2023-11-15T16:13:01,signup
idmap_000937,anon_fad0a2b464cb7069,cust_00814,2024-05-23T05:07:40,signup
idmap_000938,anon_a0b08a8135425cbb,cust_00815,2025-12-19T18:34:45,signup
idmap_000939,anon_2aa1db40b8da59e3,cust_00816,2025-12-23T00:34:27,signup
idmap_000940,anon_e73e86434a521d83,cust_00817,2024-08-16T03:12:36,signup
idmap_000941,anon_f79472ae82f074de,cust_00818,2025-06-27T10:44:02,signup
idmap_000942,anon_13f78e5466873f67,cust_00819,2024-12-29T12:20:53,signup
idmap_000943,anon_7b2f74f8e186b81d,cust_00820,2023-09-19T18:44:23,signup
idmap_000944,anon_85116527cafd0b22,cust_00821,2025-10-01T01:01:43,signup
idmap_000945,anon_581ace6d550ea637,cust_00821,2025-10-21T20:14:50,login
idmap_000946,anon_698b8e3e349578cd,cust_00822,2026-01-08T03:52:20,signup
idmap_000947,anon_6b518746c19f1d9a,cust_00823,2025-02-16T01:49:51,signup
idmap_000948,anon_323df30f1f15fd9c,cust_00823,2025-03-08T14:01:26,login
idmap_000949,anon_8c0935d4960d5d61,cust_00824,2024-06-14T18:41:35,signup
idmap_000950,anon_99ecf3ca85fa9e96,cust_00825,2026-04-07T08:05:44,signup
idmap_000951,anon_f007841a78281104,cust_00826,2024-10-20T02:29:37,signup
idmap_000952,anon_53cf54b2a28fac86,cust_00827,2025-07-13T08:35:08,signup
idmap_000953,anon_b292e4475b7ef60c,cust_00828,2026-04-04T06:43:42,signup
idmap_000954,anon_94e5c0f5cc26a7bb,cust_00828,2026-07-06T06:16:07,login
idmap_000955,anon_0450b3f15b648f66,cust_00829,2023-12-12T19:34:55,signup
idmap_000956,anon_5fc6b57e51e7b7bc,cust_00830,2023-10-19T05:34:04,signup
idmap_000957,anon_13ba96ad7a3053a6,cust_00831,2026-07-04T17:00:23,signup
idmap_000958,anon_b951a193363a15ad,cust_00832,2026-07-14T00:06:04,signup
idmap_000959,anon_7012a28e3df9f66e,cust_00833,2026-05-02T08:15:20,signup
idmap_000960,anon_38f2c463771e8518,cust_00834,2026-05-03T20:58:29,signup
idmap_000961,anon_5afe800af7b58c9c,cust_00835,2025-08-24T14:02:33,signup
idmap_000962,anon_e1363015095a2101,cust_00835,2025-12-03T01:32:09,login
idmap_000963,anon_ef9430b5ac7c2c80,cust_00836,2024-07-11T15:57:51,signup
idmap_000964,anon_80eae8a19e665da2,cust_00837,2025-01-04T17:14:29,signup
idmap_000965,anon_024aadb79a915604,cust_00838,2025-02-08T11:11:45,signup
idmap_000966,anon_4c99b66586f1136a,cust_00839,2025-01-08T08:30:23,signup
idmap_000967,anon_11264f28f49da596,cust_00840,2023-12-06T00:38:46,signup
idmap_000968,anon_cd020e9bee322bc3,cust_00841,2026-02-05T04:12:13,signup
idmap_000969,anon_ca9985c0ff0f4706,cust_00842,2025-10-05T03:22:51,signup
idmap_000970,anon_53d21d0732d68c05,cust_00843,2026-03-06T03:48:00,signup
idmap_000971,anon_8aa0644a57277294,cust_00844,2025-01-06T21:29:52,signup
idmap_000972,anon_e6ae85acc1b06165,cust_00844,2025-05-17T14:38:14,login
idmap_000973,anon_3c42483674653f6d,cust_00845,2023-11-29T15:54:35,signup
idmap_000974,anon_38b248a6711e7367,cust_00846,2025-11-24T09:50:52,signup
idmap_000975,anon_c8491dc020b85369,cust_00847,2024-08-14T22:48:08,signup
idmap_000976,anon_54998c2fedf1627e,cust_00847,2025-09-25T19:05:46,login
idmap_000977,anon_482a9aa87b252ee4,cust_00848,2026-05-09T15:26:58,signup
idmap_000978,anon_55f8fc40fddbf7ed,cust_00849,2025-11-03T12:25:09,signup
idmap_000979,anon_30d13f2656a418ad,cust_00850,2023-12-20T19:42:30,signup
idmap_000980,anon_dd539e20813df842,cust_00851,2025-04-23T07:18:54,signup
idmap_000981,anon_f8ba432c0de8941c,cust_00852,2023-12-21T04:34:45,signup
idmap_000982,anon_5be0a37ebb0852e8,cust_00853,2024-05-14T16:04:15,signup
idmap_000983,anon_7737e21350cd121f,cust_00854,2024-11-05T19:30:21,signup
idmap_000984,anon_79c854e00b8d82d4,cust_00854,2024-11-25T05:00:34,login
idmap_000985,anon_67c66d2122792112,cust_00855,2026-02-03T21:14:59,signup
idmap_000986,anon_a715e65de56ac8ec,cust_00855,2026-02-15T05:19:32,login
idmap_000987,anon_24a49fb697668af2,cust_00856,2025-01-21T19:34:31,signup
idmap_000988,anon_6091b4e4e23ecd4e,cust_00857,2025-10-27T02:42:23,signup
idmap_000989,anon_2babdf80e15edc9b,cust_00858,2025-10-12T03:57:38,signup
idmap_000990,anon_14dcde300972b51c,cust_00859,2026-04-30T01:46:51,signup
idmap_000991,anon_8f5abff608a5eeaa,cust_00860,2024-06-19T17:28:17,signup
idmap_000992,anon_38ea250d560ae04b,cust_00860,2025-11-01T00:38:31,login
