ad_id,campaign_id,name,status,targeting_segment_id,optimization_goal,billing_event,created_time,updated_time
238600000000000001,238500000000000001,Prospecting - Creative A - Carousel,ACTIVE,,LINK_CLICKS,IMPRESSIONS,2023-07-30T11:00:00,2026-07-30T09:00:00
238600000000000002,238500000000000001,Prospecting - Creative B - Video,ACTIVE,,LINK_CLICKS,IMPRESSIONS,2023-07-30T11:00:00,2026-07-30T09:00:00
238600000000000003,238500000000000002,Retargeting - Website Visitors 30D,ACTIVE,seg_010,OFFSITE_CONVERSIONS,IMPRESSIONS,2023-07-30T11:00:00,2026-07-30T09:00:00
238600000000000004,238500000000000002,Retargeting - Cart Abandoners,ACTIVE,seg_016,OFFSITE_CONVERSIONS,IMPRESSIONS,2023-07-30T11:00:00,2026-07-30T09:00:00
238600000000000005,238500000000000003,Lookalike 1% - Recent Converters,ACTIVE,seg_022,OFFSITE_CONVERSIONS,IMPRESSIONS,2023-07-30T11:00:00,2026-07-30T09:00:00
238600000000000006,238500000000000004,Conversion - Creative A - Single Image,ACTIVE,,OFFSITE_CONVERSIONS,IMPRESSIONS,2023-07-30T11:00:00,2026-07-30T09:00:00
238600000000000007,238500000000000004,Conversion - Creative B - Carousel,ACTIVE,,OFFSITE_CONVERSIONS,IMPRESSIONS,2023-07-30T11:00:00,2026-07-30T09:00:00
238600000000000008,238500000000000005,Brand Lift - 2023 Flight,COMPLETED,,REACH,IMPRESSIONS,2023-11-08T11:00:00,2023-12-01T09:00:00
238600000000000009,238500000000000006,Brand Lift - 2024 Flight,COMPLETED,,REACH,IMPRESSIONS,2024-11-06T11:00:00,2024-11-29T09:00:00
238600000000000010,238500000000000007,Brand Lift - 2025 Flight,COMPLETED,,REACH,IMPRESSIONS,2025-11-05T11:00:00,2025-11-28T09:00:00
