refund_id,order_id,payment_id,customer_id,amount,currency,is_partial,reason,status,refunded_at,created_at
ref_000001,order_000013,pay_000014,,44.56,usd,True,requested_by_customer,succeeded,2023-09-11T12:00:00,2023-09-11T12:00:00
ref_000002,order_000020,pay_000021,,89.99,usd,False,requested_by_customer,succeeded,2023-09-19T12:00:00,2023-09-19T12:00:00
ref_000003,order_000069,pay_000077,cust_00323,31.49,usd,False,requested_by_customer,succeeded,2023-11-25T12:00:00,2023-11-25T12:00:00
ref_000004,order_000104,pay_000114,,80.99,usd,False,requested_by_customer,succeeded,2023-12-28T12:00:00,2023-12-28T12:00:00
ref_000005,order_000108,pay_000119,,5.57,usd,True,product_unacceptable,succeeded,2023-12-27T12:00:00,2023-12-27T12:00:00
ref_000006,order_000121,pay_000133,cust_00372,6.49,usd,True,requested_by_customer,succeeded,2023-12-31T12:00:00,2023-12-31T12:00:00
ref_000007,order_000180,pay_000197,,34.99,usd,False,product_unacceptable,succeeded,2024-02-03T12:00:00,2024-02-03T12:00:00
ref_000008,order_000190,pay_000208,cust_00714,99.0,usd,False,requested_by_customer,succeeded,2024-02-10T12:00:00,2024-02-10T12:00:00
ref_000009,order_000200,pay_000219,,15.08,usd,True,requested_by_customer,succeeded,2024-02-20T12:00:00,2024-02-20T12:00:00
ref_000010,order_000205,pay_000225,,22.9,usd,True,requested_by_customer,succeeded,2024-02-28T12:00:00,2024-02-28T12:00:00
ref_000011,order_000227,pay_000248,,22.49,usd,False,fraudulent,succeeded,2024-03-13T12:00:00,2024-03-13T12:00:00
ref_000012,order_000239,pay_000261,cust_00689,99.0,usd,False,requested_by_customer,succeeded,2024-03-22T12:00:00,2024-03-22T12:00:00
ref_000013,order_000244,pay_000266,cust_00733,9.99,usd,False,requested_by_customer,succeeded,2024-03-13T12:00:00,2024-03-13T12:00:00
ref_000014,order_000252,pay_000275,,34.99,usd,False,requested_by_customer,succeeded,2024-03-20T12:00:00,2024-03-20T12:00:00
ref_000015,order_000275,pay_000300,cust_00472,51.99,usd,False,requested_by_customer,succeeded,2024-04-05T12:00:00,2024-04-05T12:00:00
ref_000016,order_000277,pay_000304,cust_00705,34.99,usd,False,product_unacceptable,succeeded,2024-04-06T12:00:00,2024-04-06T12:00:00
ref_000017,order_000282,pay_000309,,34.99,usd,False,requested_by_customer,succeeded,2024-04-06T12:00:00,2024-04-06T12:00:00
ref_000018,order_000312,pay_000343,cust_00630,9.99,usd,False,requested_by_customer,succeeded,2024-04-18T12:00:00,2024-04-18T12:00:00
ref_000019,order_000332,pay_000364,,49.99,usd,False,requested_by_customer,succeeded,2024-04-14T12:00:00,2024-04-14T12:00:00
ref_000020,order_000342,pay_000376,,31.49,usd,False,requested_by_customer,succeeded,2024-05-01T12:00:00,2024-05-01T12:00:00
ref_000021,order_000396,pay_000435,cust_00762,64.99,usd,False,product_unacceptable,succeeded,2024-06-01T12:00:00,2024-06-01T12:00:00
ref_000022,order_000446,pay_000485,cust_00440,24.99,usd,False,product_unacceptable,succeeded,2024-06-20T12:00:00,2024-06-20T12:00:00
ref_000023,order_000452,pay_000491,,49.99,usd,False,product_unacceptable,succeeded,2024-06-22T12:00:00,2024-06-22T12:00:00
ref_000024,order_000481,pay_000522,cust_00673,24.99,usd,False,product_unacceptable,succeeded,2024-07-07T12:00:00,2024-07-07T12:00:00
ref_000025,order_000502,pay_000545,,34.99,usd,False,requested_by_customer,succeeded,2024-07-26T12:00:00,2024-07-26T12:00:00
ref_000026,order_000506,pay_000549,,24.99,usd,False,requested_by_customer,succeeded,2024-08-09T12:00:00,2024-08-09T12:00:00
ref_000027,order_000529,pay_000573,,34.99,usd,False,fraudulent,succeeded,2024-08-15T12:00:00,2024-08-15T12:00:00
ref_000028,order_000553,pay_000600,cust_00442,11.0,usd,True,requested_by_customer,succeeded,2024-08-15T12:00:00,2024-08-15T12:00:00
ref_000029,order_000609,pay_000664,cust_00373,6.74,usd,True,requested_by_customer,succeeded,2024-09-27T12:00:00,2024-09-27T12:00:00
ref_000030,order_000631,pay_000689,cust_00802,9.99,usd,False,requested_by_customer,succeeded,2024-09-22T12:00:00,2024-09-22T12:00:00
ref_000031,order_000675,pay_000734,cust_00114,79.0,usd,False,requested_by_customer,succeeded,2024-10-29T12:00:00,2024-10-29T12:00:00
ref_000032,order_000684,pay_000743,,34.99,usd,False,product_unacceptable,succeeded,2024-10-22T12:00:00,2024-10-22T12:00:00
ref_000033,order_000704,pay_000763,cust_00085,22.49,usd,False,duplicate,succeeded,2024-11-06T12:00:00,2024-11-06T12:00:00
ref_000034,order_000710,pay_000769,,24.99,usd,False,requested_by_customer,succeeded,2024-10-26T12:00:00,2024-10-26T12:00:00
ref_000035,order_000715,pay_000775,cust_00698,15.24,usd,True,requested_by_customer,succeeded,2024-11-02T12:00:00,2024-11-02T12:00:00
ref_000036,order_000726,pay_000787,cust_00352,9.99,usd,False,requested_by_customer,succeeded,2024-11-01T12:00:00,2024-11-01T12:00:00
ref_000037,order_000762,pay_000826,,34.99,usd,False,requested_by_customer,succeeded,2024-11-23T12:00:00,2024-11-23T12:00:00
ref_000038,order_000767,pay_000831,,12.05,usd,True,requested_by_customer,succeeded,2024-11-13T12:00:00,2024-11-13T12:00:00
ref_000039,order_000829,pay_000897,,24.99,usd,False,product_unacceptable,succeeded,2024-12-03T12:00:00,2024-12-03T12:00:00
ref_000040,order_000854,pay_000926,,89.99,usd,False,requested_by_customer,succeeded,2024-12-12T12:00:00,2024-12-12T12:00:00
ref_000041,order_000871,pay_000943,,24.99,usd,False,requested_by_customer,succeeded,2024-12-22T12:00:00,2024-12-22T12:00:00
ref_000042,order_000930,pay_001007,cust_00732,79.0,usd,False,product_unacceptable,succeeded,2025-01-22T12:00:00,2025-01-22T12:00:00
ref_000043,order_000936,pay_001014,cust_00359,20.38,usd,True,requested_by_customer,succeeded,2025-01-20T12:00:00,2025-01-20T12:00:00
ref_000044,order_000940,pay_001018,cust_00419,9.99,usd,False,requested_by_customer,succeeded,2025-01-13T12:00:00,2025-01-13T12:00:00
ref_000045,order_000984,pay_001066,cust_00526,39.99,usd,False,requested_by_customer,succeeded,2025-02-03T12:00:00,2025-02-03T12:00:00
ref_000046,order_000997,pay_001079,cust_00760,64.99,usd,False,requested_by_customer,succeeded,2025-02-14T12:00:00,2025-02-14T12:00:00
ref_000047,order_001008,pay_001090,,24.99,usd,False,requested_by_customer,succeeded,2025-02-13T12:00:00,2025-02-13T12:00:00
ref_000048,order_001046,pay_001130,,28.13,usd,True,product_unacceptable,succeeded,2025-02-13T12:00:00,2025-02-13T12:00:00
ref_000049,order_001081,pay_001174,,6.42,usd,True,product_unacceptable,succeeded,2025-02-24T12:00:00,2025-02-24T12:00:00
ref_000050,order_001083,pay_001176,,64.99,usd,False,requested_by_customer,succeeded,2025-03-01T12:00:00,2025-03-01T12:00:00
ref_000051,order_001088,pay_001181,cust_00441,26.52,usd,True,requested_by_customer,succeeded,2025-03-07T12:00:00,2025-03-07T12:00:00
ref_000052,order_001114,pay_001209,,34.99,usd,False,requested_by_customer,succeeded,2025-03-24T12:00:00,2025-03-24T12:00:00
ref_000053,order_001158,pay_001255,cust_00335,2.62,usd,True,product_unacceptable,succeeded,2025-04-02T12:00:00,2025-04-02T12:00:00
ref_000054,order_001166,pay_001263,cust_00138,79.0,usd,False,requested_by_customer,succeeded,2025-03-26T12:00:00,2025-03-26T12:00:00
ref_000055,order_001226,pay_001332,cust_00330,24.99,usd,False,fraudulent,succeeded,2025-04-15T12:00:00,2025-04-15T12:00:00
ref_000056,order_001237,pay_001346,,19.32,usd,True,requested_by_customer,succeeded,2025-05-03T12:00:00,2025-05-03T12:00:00
ref_000057,order_001272,pay_001383,,49.99,usd,False,fraudulent,succeeded,2025-05-06T12:00:00,2025-05-06T12:00:00
ref_000058,order_001278,pay_001389,cust_00079,49.03,usd,True,requested_by_customer,succeeded,2025-05-07T12:00:00,2025-05-07T12:00:00
ref_000059,order_001312,pay_001427,cust_00663,2.1,usd,True,requested_by_customer,succeeded,2025-05-11T12:00:00,2025-05-11T12:00:00
ref_000060,order_001345,pay_001467,,34.99,usd,False,requested_by_customer,succeeded,2025-06-09T12:00:00,2025-06-09T12:00:00
ref_000061,order_001419,pay_001547,cust_00091,68.7,usd,True,requested_by_customer,succeeded,2025-06-23T12:00:00,2025-06-23T12:00:00
ref_000062,order_001453,pay_001587,cust_00139,26.54,usd,True,product_unacceptable,succeeded,2025-07-02T12:00:00,2025-07-02T12:00:00
ref_000063,order_001478,pay_001613,,34.99,usd,False,requested_by_customer,succeeded,2025-07-17T12:00:00,2025-07-17T12:00:00
ref_000064,order_001493,pay_001629,,17.3,usd,True,fraudulent,succeeded,2025-07-22T12:00:00,2025-07-22T12:00:00
ref_000065,order_001597,pay_001739,,64.99,usd,False,requested_by_customer,succeeded,2025-08-20T12:00:00,2025-08-20T12:00:00
ref_000066,order_001623,pay_001769,,34.99,usd,False,product_unacceptable,succeeded,2025-08-17T12:00:00,2025-08-17T12:00:00
ref_000067,order_001626,pay_001772,cust_00243,14.23,usd,True,product_unacceptable,succeeded,2025-08-27T12:00:00,2025-08-27T12:00:00
ref_000068,order_001662,pay_001815,cust_00794,24.99,usd,False,requested_by_customer,succeeded,2025-08-25T12:00:00,2025-08-25T12:00:00
ref_000069,order_001700,pay_001857,,60.38,usd,True,requested_by_customer,succeeded,2025-09-12T12:00:00,2025-09-12T12:00:00
ref_000070,order_001701,pay_001858,cust_00689,149.0,usd,False,requested_by_customer,succeeded,2025-09-07T12:00:00,2025-09-07T12:00:00
ref_000071,order_001709,pay_001866,cust_00082,48.09,usd,True,requested_by_customer,succeeded,2025-09-21T12:00:00,2025-09-21T12:00:00
ref_000072,order_001719,pay_001876,cust_00507,22.49,usd,False,requested_by_customer,succeeded,2025-09-14T12:00:00,2025-09-14T12:00:00
ref_000073,order_001743,pay_001904,cust_00789,4.6,usd,True,requested_by_customer,succeeded,2025-09-23T12:00:00,2025-09-23T12:00:00
ref_000074,order_001777,pay_001940,cust_00580,89.99,usd,False,requested_by_customer,succeeded,2025-09-24T12:00:00,2025-09-24T12:00:00
ref_000075,order_001783,pay_001946,cust_00350,27.99,usd,False,requested_by_customer,succeeded,2025-10-03T12:00:00,2025-10-03T12:00:00
ref_000076,order_001813,pay_001977,cust_00775,89.99,usd,False,requested_by_customer,succeeded,2025-10-10T12:00:00,2025-10-10T12:00:00
ref_000077,order_001825,pay_001989,cust_00490,44.99,usd,False,product_unacceptable,succeeded,2025-10-12T12:00:00,2025-10-12T12:00:00
ref_000078,order_001872,pay_002041,cust_00556,79.0,usd,False,fraudulent,succeeded,2025-11-02T12:00:00,2025-11-02T12:00:00
ref_000079,order_001889,pay_002058,,49.99,usd,False,product_unacceptable,succeeded,2025-10-30T12:00:00,2025-10-30T12:00:00
ref_000080,order_001894,pay_002065,cust_00757,9.99,usd,False,requested_by_customer,succeeded,2025-10-17T12:00:00,2025-10-17T12:00:00
ref_000081,order_001895,pay_002066,cust_00837,64.99,usd,False,requested_by_customer,succeeded,2025-10-26T12:00:00,2025-10-26T12:00:00
ref_000082,order_001916,pay_002088,,21.11,usd,True,product_unacceptable,succeeded,2025-11-08T12:00:00,2025-11-08T12:00:00
ref_000083,order_001921,pay_002094,cust_00762,24.99,usd,False,requested_by_customer,succeeded,2025-11-02T12:00:00,2025-11-02T12:00:00
ref_000084,order_001940,pay_002115,cust_00444,99.0,usd,False,fraudulent,succeeded,2025-11-03T12:00:00,2025-11-03T12:00:00
ref_000085,order_001972,pay_002149,cust_00842,24.99,usd,False,requested_by_customer,succeeded,2025-11-16T12:00:00,2025-11-16T12:00:00
ref_000086,order_002052,pay_002233,,64.99,usd,False,requested_by_customer,succeeded,2025-11-19T12:00:00,2025-11-19T12:00:00
ref_000087,order_002085,pay_002266,cust_00724,8.82,usd,True,fraudulent,succeeded,2025-11-28T12:00:00,2025-11-28T12:00:00
ref_000088,order_002087,pay_002268,,34.99,usd,False,requested_by_customer,succeeded,2025-12-11T12:00:00,2025-12-11T12:00:00
ref_000089,order_002105,pay_002286,,34.99,usd,False,duplicate,succeeded,2025-12-01T12:00:00,2025-12-01T12:00:00
ref_000090,order_002106,pay_002287,,64.99,usd,False,requested_by_customer,succeeded,2025-11-30T12:00:00,2025-11-30T12:00:00
ref_000091,order_002111,pay_002293,cust_00746,24.99,usd,False,requested_by_customer,succeeded,2025-12-21T12:00:00,2025-12-21T12:00:00
ref_000092,order_002118,pay_002300,cust_00247,71.1,usd,False,requested_by_customer,succeeded,2025-12-09T12:00:00,2025-12-09T12:00:00
ref_000093,order_002126,pay_002308,,89.99,usd,False,requested_by_customer,succeeded,2025-12-04T12:00:00,2025-12-04T12:00:00
ref_000094,order_002141,pay_002323,,89.99,usd,False,requested_by_customer,succeeded,2025-12-07T12:00:00,2025-12-07T12:00:00
ref_000095,order_002157,pay_002341,,49.99,usd,False,requested_by_customer,succeeded,2025-12-21T12:00:00,2025-12-21T12:00:00
ref_000096,order_002170,pay_002355,,44.25,usd,True,requested_by_customer,succeeded,2025-12-23T12:00:00,2025-12-23T12:00:00
ref_000097,order_002196,pay_002382,cust_00513,3.66,usd,True,requested_by_customer,succeeded,2025-12-26T12:00:00,2025-12-26T12:00:00
ref_000098,order_002201,pay_002389,,34.99,usd,False,product_unacceptable,succeeded,2026-01-04T12:00:00,2026-01-04T12:00:00
ref_000099,order_002202,pay_002391,,24.99,usd,False,product_unacceptable,succeeded,2026-01-05T12:00:00,2026-01-05T12:00:00
ref_000100,order_002211,pay_002401,,49.99,usd,False,requested_by_customer,succeeded,2025-12-31T12:00:00,2025-12-31T12:00:00
ref_000101,order_002213,pay_002404,cust_00325,68.93,usd,True,requested_by_customer,succeeded,2025-12-24T12:00:00,2025-12-24T12:00:00
ref_000102,order_002236,pay_002429,,49.99,usd,False,requested_by_customer,succeeded,2026-01-02T12:00:00,2026-01-02T12:00:00
ref_000103,order_002248,pay_002441,cust_00331,34.99,usd,False,requested_by_customer,succeeded,2026-01-16T12:00:00,2026-01-16T12:00:00
ref_000104,order_002270,pay_002464,cust_00452,49.99,usd,False,requested_by_customer,succeeded,2026-01-10T12:00:00,2026-01-10T12:00:00
ref_000105,order_002280,pay_002474,cust_00615,10.26,usd,True,requested_by_customer,succeeded,2026-01-24T12:00:00,2026-01-24T12:00:00
ref_000106,order_002361,pay_002564,cust_00370,89.99,usd,False,requested_by_customer,succeeded,2026-02-01T12:00:00,2026-02-01T12:00:00
ref_000107,order_002383,pay_002590,cust_00722,79.0,usd,False,fraudulent,succeeded,2026-02-11T12:00:00,2026-02-11T12:00:00
ref_000108,order_002396,pay_002606,cust_00257,9.99,usd,False,requested_by_customer,succeeded,2026-02-06T12:00:00,2026-02-06T12:00:00
ref_000109,order_002436,pay_002651,,17.25,usd,True,requested_by_customer,succeeded,2026-02-14T12:00:00,2026-02-14T12:00:00
ref_000110,order_002451,pay_002668,cust_00141,6.1,usd,True,requested_by_customer,succeeded,2026-02-26T12:00:00,2026-02-26T12:00:00
ref_000111,order_002471,pay_002688,,44.99,usd,False,fraudulent,succeeded,2026-02-25T12:00:00,2026-02-25T12:00:00
ref_000112,order_002484,pay_002703,,64.99,usd,False,product_unacceptable,succeeded,2026-02-25T12:00:00,2026-02-25T12:00:00
ref_000113,order_002486,pay_002706,cust_00204,79.0,usd,False,requested_by_customer,succeeded,2026-02-28T12:00:00,2026-02-28T12:00:00
ref_000114,order_002539,pay_002763,cust_00300,24.99,usd,False,duplicate,succeeded,2026-02-28T12:00:00,2026-02-28T12:00:00
ref_000115,order_002544,pay_002768,cust_00076,24.99,usd,False,requested_by_customer,succeeded,2026-02-22T12:00:00,2026-02-22T12:00:00
ref_000116,order_002545,pay_002769,cust_00132,19.99,usd,False,requested_by_customer,succeeded,2026-03-02T12:00:00,2026-03-02T12:00:00
ref_000117,order_002602,pay_002832,,49.99,usd,False,requested_by_customer,succeeded,2026-03-13T12:00:00,2026-03-13T12:00:00
ref_000118,order_002611,pay_002841,cust_00504,9.99,usd,False,product_unacceptable,succeeded,2026-03-15T12:00:00,2026-03-15T12:00:00
ref_000119,order_002622,pay_002852,,49.99,usd,False,product_unacceptable,succeeded,2026-03-24T12:00:00,2026-03-24T12:00:00
ref_000120,order_002627,pay_002857,cust_00838,6.49,usd,True,duplicate,succeeded,2026-03-12T12:00:00,2026-03-12T12:00:00
ref_000121,order_002629,pay_002859,,120.0,usd,False,requested_by_customer,succeeded,2026-03-15T12:00:00,2026-03-15T12:00:00
ref_000122,order_002670,pay_002901,cust_00324,60.28,usd,True,requested_by_customer,succeeded,2026-03-29T12:00:00,2026-03-29T12:00:00
ref_000123,order_002680,pay_002913,cust_00625,79.0,usd,False,product_unacceptable,succeeded,2026-03-27T12:00:00,2026-03-27T12:00:00
ref_000124,order_002683,pay_002916,,24.99,usd,False,requested_by_customer,succeeded,2026-04-02T12:00:00,2026-04-02T12:00:00
ref_000125,order_002733,pay_002971,cust_00631,9.99,usd,False,requested_by_customer,succeeded,2026-04-09T12:00:00,2026-04-09T12:00:00
ref_000126,order_002773,pay_003012,cust_00031,13.41,usd,True,requested_by_customer,succeeded,2026-04-22T12:00:00,2026-04-22T12:00:00
ref_000127,order_002781,pay_003020,,34.99,usd,False,requested_by_customer,succeeded,2026-04-22T12:00:00,2026-04-22T12:00:00
ref_000128,order_002828,pay_003072,cust_00275,24.99,usd,False,requested_by_customer,succeeded,2026-04-21T12:00:00,2026-04-21T12:00:00
ref_000129,order_002853,pay_003100,cust_00766,79.0,usd,False,duplicate,succeeded,2026-04-27T12:00:00,2026-04-27T12:00:00
ref_000130,order_002860,pay_003107,cust_00409,79.0,usd,False,requested_by_customer,succeeded,2026-04-26T12:00:00,2026-04-26T12:00:00
ref_000131,order_002869,pay_003118,cust_00109,9.99,usd,False,product_unacceptable,succeeded,2026-05-01T12:00:00,2026-05-01T12:00:00
ref_000132,order_002909,pay_003163,cust_00514,53.63,usd,True,requested_by_customer,succeeded,2026-05-05T12:00:00,2026-05-05T12:00:00
ref_000133,order_002910,pay_003164,cust_00536,34.99,usd,False,requested_by_customer,succeeded,2026-05-04T12:00:00,2026-05-04T12:00:00
ref_000134,order_002956,pay_003214,,10.5,usd,True,product_unacceptable,succeeded,2026-05-14T12:00:00,2026-05-14T12:00:00
ref_000135,order_002992,pay_003252,cust_00818,4.73,usd,True,product_unacceptable,succeeded,2026-05-19T12:00:00,2026-05-19T12:00:00
ref_000136,order_003005,pay_003265,cust_00330,27.99,usd,False,duplicate,succeeded,2026-05-17T12:00:00,2026-05-17T12:00:00
ref_000137,order_003011,pay_003272,cust_00320,27.99,usd,False,requested_by_customer,succeeded,2026-05-28T12:00:00,2026-05-28T12:00:00
ref_000138,order_003039,pay_003302,cust_00648,129.0,usd,False,product_unacceptable,succeeded,2026-06-01T12:00:00,2026-06-01T12:00:00
ref_000139,order_003045,pay_003310,cust_00167,32.93,usd,True,requested_by_customer,succeeded,2026-05-26T12:00:00,2026-05-26T12:00:00
ref_000140,order_003046,pay_003311,cust_00209,9.99,usd,False,product_unacceptable,succeeded,2026-05-28T12:00:00,2026-05-28T12:00:00
ref_000141,order_003087,pay_003356,,34.99,usd,False,fraudulent,succeeded,2026-06-05T12:00:00,2026-06-05T12:00:00
ref_000142,order_003113,pay_003385,cust_00734,19.99,usd,False,product_unacceptable,succeeded,2026-06-09T12:00:00,2026-06-09T12:00:00
ref_000143,order_003191,pay_003468,cust_00249,34.99,usd,False,requested_by_customer,succeeded,2026-06-23T12:00:00,2026-06-23T12:00:00
ref_000144,order_003206,pay_003484,cust_00859,9.99,usd,False,product_unacceptable,succeeded,2026-06-12T12:00:00,2026-06-12T12:00:00
ref_000145,order_003280,pay_003560,cust_00246,9.99,usd,False,requested_by_customer,succeeded,2026-07-06T12:00:00,2026-07-06T12:00:00
ref_000146,order_003327,pay_003609,cust_00467,3.2,usd,True,duplicate,succeeded,2026-06-23T12:00:00,2026-06-23T12:00:00
ref_000147,order_003378,pay_003665,cust_00105,79.0,usd,False,product_unacceptable,succeeded,2026-07-15T12:00:00,2026-07-15T12:00:00
ref_000148,order_003386,pay_003673,cust_00579,19.99,usd,True,requested_by_customer,succeeded,2026-07-01T12:00:00,2026-07-01T12:00:00
ref_000149,order_003414,pay_003704,cust_00822,149.0,usd,False,product_unacceptable,succeeded,2026-07-07T12:00:00,2026-07-07T12:00:00
ref_000150,order_003440,pay_003732,cust_00264,9.99,usd,False,requested_by_customer,succeeded,2026-07-12T12:00:00,2026-07-12T12:00:00
ref_000151,order_003445,pay_003737,cust_00383,9.99,usd,False,requested_by_customer,succeeded,2026-07-21T12:00:00,2026-07-21T12:00:00
ref_000152,order_003457,pay_003749,cust_00571,45.25,usd,True,requested_by_customer,succeeded,2026-07-27T12:00:00,2026-07-27T12:00:00
ref_000153,order_003473,pay_003769,cust_00443,44.99,usd,False,requested_by_customer,succeeded,2026-07-27T12:00:00,2026-07-27T12:00:00
ref_000154,order_003491,pay_003788,cust_00706,79.0,usd,False,product_unacceptable,succeeded,2026-07-23T12:00:00,2026-07-23T12:00:00
ref_000155,order_003496,pay_003793,cust_00038,19.99,usd,False,fraudulent,succeeded,2026-07-26T12:00:00,2026-07-26T12:00:00
ref_000156,order_003516,pay_003818,cust_00069,99.0,usd,False,requested_by_customer,succeeded,2026-07-29T12:00:00,2026-07-29T12:00:00
ref_000157,order_003521,pay_003824,cust_00517,9.99,usd,False,requested_by_customer,succeeded,2026-07-26T12:00:00,2026-07-26T12:00:00
ref_000158,order_003533,pay_003838,cust_00445,33.39,usd,True,duplicate,succeeded,2026-07-25T12:00:00,2026-07-25T12:00:00
ref_000159,order_003627,pay_003940,cust_00125,149.0,usd,False,requested_by_customer,succeeded,2026-07-30T12:00:00,2026-07-30T12:00:00
