ad_id,ad_squad_id,name,ad_type,status,created_at
00000000-0000-4000-d000-000000000001,00000000-0000-4000-c000-000000000001,Creative A - Vertical Video,video,ACTIVE,2023-07-30T12:00:00
00000000-0000-4000-d000-000000000002,00000000-0000-4000-c000-000000000001,Creative B - Single Image,single_image,ACTIVE,2023-07-30T12:00:00
00000000-0000-4000-d000-000000000003,00000000-0000-4000-c000-000000000002,Creative A - Collection,collection,ACTIVE,2023-07-30T12:00:00
00000000-0000-4000-d000-000000000004,00000000-0000-4000-c000-000000000003,Creative A - Collection,collection,ACTIVE,2023-07-30T12:00:00
00000000-0000-4000-d000-000000000005,00000000-0000-4000-c000-000000000004,Creative A - Single Image,single_image,ACTIVE,2023-07-30T12:00:00
00000000-0000-4000-d000-000000000006,00000000-0000-4000-c000-000000000005,Creative A - Collection,collection,ACTIVE,2023-07-30T12:00:00
00000000-0000-4000-d000-000000000007,00000000-0000-4000-c000-000000000005,Creative B - Single Image,single_image,ACTIVE,2023-07-30T12:00:00
00000000-0000-4000-d000-000000000008,00000000-0000-4000-c000-000000000006,Creative A - Vertical Video,video,COMPLETED,2023-11-08T12:00:00
00000000-0000-4000-d000-000000000009,00000000-0000-4000-c000-000000000007,Creative A - Vertical Video,video,COMPLETED,2024-11-06T12:00:00
00000000-0000-4000-d000-000000000010,00000000-0000-4000-c000-000000000008,Creative A - Vertical Video,video,COMPLETED,2025-11-05T12:00:00
