subscription_id,customer_id,plan_id,billing_interval,status,trial_start,trial_end,start_date,current_period_start,current_period_end,canceled_at,cancel_reason,past_due_since,created_at
sub_00001,cust_00002,plan_plus_monthly,month,active,2026-01-26,2026-02-02,2026-02-02,2026-07-02,2026-08-02,,,,2026-02-02T18:45:07
sub_00002,cust_00003,plan_basic_monthly,month,canceled,2025-11-12,2025-11-19,2025-11-12,2025-11-12,2025-11-19,2025-11-19,trial_expired,,2025-11-12T18:53:53
sub_00003,cust_00005,plan_basic_monthly,month,canceled,2026-03-12,2026-03-19,2026-03-12,2026-03-12,2026-03-16,2026-03-16,trial_canceled,,2026-03-12T17:08:58
sub_00004,cust_00006,plan_plus_monthly,month,canceled,2026-05-01,2026-05-08,2026-05-01,2026-05-01,2026-05-08,2026-05-08,trial_expired,,2026-05-01T20:00:29
sub_00005,cust_00008,plan_basic_monthly,month,canceled,2025-03-25,2025-04-01,2025-03-25,2025-03-25,2025-04-01,2025-04-01,trial_expired,,2025-03-25T19:46:14
sub_00006,cust_00010,plan_basic_annual,year,active,2025-12-03,2025-12-10,2025-12-10,2025-12-10,2026-12-10,,,,2025-12-10T13:08:58
sub_00007,cust_00011,plan_basic_monthly,month,active,2026-02-18,2026-02-25,2026-02-25,2026-07-25,2026-08-25,,,,2026-02-25T05:49:15
sub_00008,cust_00012,plan_basic_monthly,month,canceled,2024-05-05,2024-05-12,2024-05-12,2024-06-12,2024-07-12,2024-07-12,voluntary,,2024-05-12T23:21:46
sub_00009,cust_00014,plan_basic_monthly,month,canceled,2023-10-20,2023-10-27,2023-10-27,2024-01-27,2024-02-27,2024-02-27,involuntary,,2023-10-27T19:53:37
sub_00010,cust_00015,plan_basic_annual,year,active,2025-06-27,2025-07-04,2025-07-04,2026-07-04,2027-07-04,,,,2025-07-04T05:41:02
sub_00011,cust_00016,plan_basic_monthly,month,canceled,2026-04-04,2026-04-11,2026-04-04,2026-04-04,2026-04-11,2026-04-11,trial_expired,,2026-04-04T06:41:16
sub_00012,cust_00017,plan_plus_monthly,month,canceled,2026-06-11,2026-06-18,2026-06-11,2026-06-11,2026-06-18,2026-06-18,trial_expired,,2026-06-11T15:31:34
sub_00013,cust_00018,plan_plus_monthly,month,canceled,2025-07-18,2025-07-25,2025-07-18,2025-07-18,2025-07-25,2025-07-25,trial_expired,,2025-07-18T16:06:31
sub_00014,cust_00019,plan_basic_monthly,month,canceled,2023-08-16,2023-08-23,2023-08-16,2023-08-16,2023-08-23,2023-08-23,trial_expired,,2023-08-16T01:33:38
sub_00015,cust_00021,plan_plus_monthly,month,canceled,2025-01-14,2025-01-21,2025-01-14,2025-01-14,2025-01-21,2025-01-21,trial_expired,,2025-01-14T23:01:57
sub_00016,cust_00022,plan_basic_monthly,month,active,2026-04-15,2026-04-22,2026-04-22,2026-07-22,2026-08-22,,,,2026-04-22T13:20:01
sub_00017,cust_00023,plan_basic_annual,year,canceled,2026-01-29,2026-02-05,2026-02-05,2026-02-05,2026-03-05,2026-03-05,involuntary,,2026-02-05T00:18:37
sub_00018,cust_00023,plan_basic_monthly,month,active,,,2026-07-04,2026-07-04,2026-08-04,,,,2026-07-04T09:39:23
sub_00019,cust_00026,plan_basic_annual,year,canceled,2024-08-19,2024-08-26,2024-08-19,2024-08-19,2024-08-26,2024-08-26,trial_expired,,2024-08-19T15:42:16
sub_00020,cust_00027,plan_basic_monthly,month,canceled,2025-03-05,2025-03-12,2025-03-05,2025-03-05,2025-03-12,2025-03-12,trial_expired,,2025-03-05T06:22:59
sub_00021,cust_00028,plan_plus_monthly,month,canceled,2024-05-21,2024-05-28,2024-05-28,2024-07-28,2024-08-28,2024-08-28,voluntary,,2024-05-28T16:31:12
sub_00022,cust_00029,plan_plus_monthly,month,canceled,2026-05-01,2026-05-08,2026-05-01,2026-05-01,2026-05-08,2026-05-08,trial_expired,,2026-05-01T23:40:49
sub_00023,cust_00031,plan_plus_monthly,month,canceled,2025-01-13,2025-01-20,2025-01-13,2025-01-13,2025-01-20,2025-01-20,trial_expired,,2025-01-13T15:01:48
sub_00024,cust_00032,plan_basic_monthly,month,canceled,2026-02-28,2026-03-07,2026-02-28,2026-02-28,2026-03-01,2026-03-01,trial_canceled,,2026-02-28T09:32:08
sub_00025,cust_00033,plan_basic_monthly,month,trialing,2026-07-30,2026-08-06,2026-07-30,2026-07-30,2026-08-06,,,,2026-07-30T04:24:09
sub_00026,cust_00035,plan_basic_monthly,month,canceled,2026-07-19,2026-07-26,2026-07-19,2026-07-19,2026-07-26,2026-07-26,trial_expired,,2026-07-19T07:52:58
sub_00027,cust_00036,plan_basic_annual,year,canceled,2024-09-15,2024-09-22,2024-09-15,2024-09-15,2024-09-22,2024-09-22,trial_expired,,2024-09-15T15:50:38
sub_00028,cust_00037,plan_basic_monthly,month,canceled,2023-11-16,2023-11-23,2023-11-16,2023-11-16,2023-11-23,2023-11-23,trial_expired,,2023-11-16T03:00:13
sub_00029,cust_00038,plan_basic_annual,year,active,2026-04-13,2026-04-20,2026-04-20,2026-04-20,2027-04-20,,,,2026-04-20T23:59:48
sub_00030,cust_00039,plan_plus_monthly,month,canceled,2024-12-16,2024-12-23,2024-12-23,2024-12-23,2025-01-23,2025-01-23,voluntary,,2024-12-23T02:40:29
sub_00031,cust_00041,plan_plus_monthly,month,canceled,2023-09-04,2023-09-11,2023-09-04,2023-09-04,2023-09-11,2023-09-11,trial_expired,,2023-09-04T07:08:54
sub_00032,cust_00042,plan_basic_monthly,month,canceled,2026-04-06,2026-04-13,2026-04-13,2026-04-13,2026-05-13,2026-05-13,involuntary,,2026-04-13T23:37:47
sub_00033,cust_00042,plan_plus_monthly,month,active,,,2026-07-22,2026-07-22,2026-08-22,,,,2026-07-22T13:20:35
sub_00034,cust_00043,plan_basic_monthly,month,canceled,2025-06-16,2025-06-23,2025-06-16,2025-06-16,2025-06-23,2025-06-23,trial_expired,,2025-06-16T13:53:40
sub_00035,cust_00044,plan_basic_annual,year,canceled,2024-06-11,2024-06-18,2024-06-11,2024-06-11,2024-06-18,2024-06-18,trial_expired,,2024-06-11T10:50:00
sub_00036,cust_00045,plan_plus_annual,year,canceled,2025-02-08,2025-02-15,2025-02-08,2025-02-08,2025-02-15,2025-02-15,trial_expired,,2025-02-08T21:24:36
sub_00037,cust_00046,plan_basic_monthly,month,canceled,2025-03-06,2025-03-13,2025-03-06,2025-03-06,2025-03-13,2025-03-13,trial_expired,,2025-03-06T12:53:05
sub_00038,cust_00048,plan_basic_monthly,month,canceled,2025-07-08,2025-07-15,2025-07-08,2025-07-08,2025-07-15,2025-07-15,trial_expired,,2025-07-08T00:21:42
sub_00039,cust_00051,plan_basic_monthly,month,active,2026-05-31,2026-06-07,2026-06-07,2026-07-07,2026-08-07,,,,2026-06-07T18:54:41
sub_00040,cust_00053,plan_basic_monthly,month,canceled,2025-02-18,2025-02-25,2025-02-18,2025-02-18,2025-02-25,2025-02-25,trial_expired,,2025-02-18T14:23:33
sub_00041,cust_00054,plan_basic_monthly,month,canceled,2026-01-03,2026-01-10,2026-01-03,2026-01-03,2026-01-10,2026-01-10,trial_expired,,2026-01-03T02:51:41
sub_00042,cust_00055,plan_basic_annual,year,canceled,2026-04-07,2026-04-14,2026-04-07,2026-04-07,2026-04-08,2026-04-08,trial_canceled,,2026-04-07T10:05:07
sub_00043,cust_00057,plan_basic_monthly,month,canceled,2026-06-15,2026-06-22,2026-06-15,2026-06-15,2026-06-22,2026-06-22,trial_expired,,2026-06-15T13:09:48
sub_00044,cust_00058,plan_plus_monthly,month,canceled,2026-03-07,2026-03-14,2026-03-07,2026-03-07,2026-03-14,2026-03-14,trial_expired,,2026-03-07T08:58:10
sub_00045,cust_00059,plan_plus_monthly,month,canceled,2023-08-17,2023-08-24,2023-08-24,2023-12-24,2024-01-24,2024-01-24,involuntary,,2023-08-24T22:54:11
sub_00046,cust_00059,plan_basic_monthly,month,canceled,,,2025-03-27,2025-03-27,2025-04-27,2025-04-27,voluntary,,2025-03-27T16:57:22
sub_00047,cust_00059,plan_basic_annual,year,canceled,,,2026-02-25,2026-02-25,2026-03-25,2026-03-25,voluntary,,2026-02-25T06:29:12
sub_00048,cust_00060,plan_plus_annual,year,canceled,2024-11-25,2024-12-02,2024-11-25,2024-11-25,2024-11-27,2024-11-27,trial_canceled,,2024-11-25T01:28:25
sub_00049,cust_00061,plan_basic_annual,year,canceled,2024-04-26,2024-05-03,2024-04-26,2024-04-26,2024-05-03,2024-05-03,trial_expired,,2024-04-26T13:01:03
sub_00050,cust_00062,plan_plus_monthly,month,canceled,2025-05-13,2025-05-20,2025-05-13,2025-05-13,2025-05-15,2025-05-15,trial_canceled,,2025-05-13T05:39:33
sub_00051,cust_00064,plan_basic_monthly,month,canceled,2024-11-25,2024-12-02,2024-11-25,2024-11-25,2024-12-02,2024-12-02,trial_expired,,2024-11-25T22:03:29
sub_00052,cust_00065,plan_basic_monthly,month,canceled,2026-01-31,2026-02-07,2026-01-31,2026-01-31,2026-02-07,2026-02-07,trial_expired,,2026-01-31T05:53:53
sub_00053,cust_00067,plan_basic_monthly,month,canceled,2024-06-17,2024-06-24,2024-06-17,2024-06-17,2024-06-18,2024-06-18,trial_canceled,,2024-06-17T16:24:01
sub_00054,cust_00071,plan_plus_monthly,month,canceled,2023-09-06,2023-09-13,2023-09-06,2023-09-06,2023-09-13,2023-09-13,trial_expired,,2023-09-06T10:45:59
sub_00055,cust_00073,plan_basic_monthly,month,canceled,2026-05-06,2026-05-13,2026-05-06,2026-05-06,2026-05-13,2026-05-13,trial_expired,,2026-05-06T05:19:08
sub_00056,cust_00074,plan_basic_monthly,month,active,2023-11-09,2023-11-16,2023-11-16,2026-07-16,2026-08-16,,,,2023-11-16T07:57:36
sub_00057,cust_00075,plan_basic_monthly,month,canceled,2024-01-01,2024-01-08,2024-01-01,2024-01-01,2024-01-08,2024-01-08,trial_expired,,2024-01-01T11:05:47
sub_00058,cust_00077,plan_basic_monthly,month,canceled,2024-06-15,2024-06-22,2024-06-15,2024-06-15,2024-06-22,2024-06-22,trial_expired,,2024-06-15T18:31:18
sub_00059,cust_00078,plan_basic_monthly,month,canceled,2026-06-09,2026-06-16,2026-06-16,2026-06-16,2026-07-16,2026-07-16,voluntary,,2026-06-16T03:47:07
sub_00060,cust_00079,plan_basic_monthly,month,canceled,2025-03-29,2025-04-05,2025-03-29,2025-03-29,2025-04-05,2025-04-05,trial_expired,,2025-03-29T11:21:15
sub_00061,cust_00080,plan_basic_monthly,month,canceled,2023-11-14,2023-11-21,2023-11-14,2023-11-14,2023-11-21,2023-11-21,trial_expired,,2023-11-14T14:02:16
sub_00062,cust_00081,plan_basic_monthly,month,canceled,2023-09-13,2023-09-20,2023-09-13,2023-09-13,2023-09-20,2023-09-20,trial_expired,,2023-09-13T18:43:47
sub_00063,cust_00083,plan_basic_monthly,month,canceled,2025-03-19,2025-03-26,2025-03-19,2025-03-19,2025-03-22,2025-03-22,trial_canceled,,2025-03-19T11:54:59
sub_00064,cust_00084,plan_basic_monthly,month,canceled,2026-01-31,2026-02-07,2026-01-31,2026-01-31,2026-02-07,2026-02-07,trial_expired,,2026-01-31T02:59:48
sub_00065,cust_00085,plan_plus_monthly,month,canceled,2023-10-14,2023-10-21,2023-10-14,2023-10-14,2023-10-21,2023-10-21,trial_expired,,2023-10-14T11:05:22
sub_00066,cust_00087,plan_basic_monthly,month,canceled,2026-01-09,2026-01-16,2026-01-16,2026-03-16,2026-04-16,2026-04-16,involuntary,,2026-01-16T13:53:30
sub_00067,cust_00089,plan_basic_annual,year,canceled,2025-08-06,2025-08-13,2025-08-06,2025-08-06,2025-08-09,2025-08-09,trial_canceled,,2025-08-06T05:58:35
sub_00068,cust_00090,plan_basic_annual,year,canceled,2025-01-09,2025-01-16,2025-01-09,2025-01-09,2025-01-11,2025-01-11,trial_canceled,,2025-01-09T16:57:43
sub_00069,cust_00092,plan_plus_monthly,month,canceled,2024-03-09,2024-03-16,2024-03-16,2024-09-16,2024-10-16,2024-10-16,voluntary,,2024-03-16T16:45:20
sub_00070,cust_00093,plan_basic_monthly,month,canceled,2026-06-21,2026-06-28,2026-06-21,2026-06-21,2026-06-26,2026-06-26,trial_canceled,,2026-06-21T16:24:18
sub_00071,cust_00095,plan_plus_annual,year,active,2023-11-29,2023-12-06,2023-12-06,2025-12-06,2026-12-06,,,,2023-12-06T07:21:58
sub_00072,cust_00098,plan_basic_monthly,month,canceled,2024-01-08,2024-01-15,2024-01-15,2024-01-15,2024-02-15,2024-02-15,voluntary,,2024-01-15T00:52:53
sub_00073,cust_00099,plan_plus_monthly,month,canceled,2025-10-09,2025-10-16,2025-10-09,2025-10-09,2025-10-16,2025-10-16,trial_expired,,2025-10-09T16:15:55
sub_00074,cust_00101,plan_basic_monthly,month,trialing,2026-07-29,2026-08-05,2026-07-29,2026-07-29,2026-08-05,,,,2026-07-29T04:14:42
sub_00075,cust_00103,plan_basic_monthly,month,active,2026-07-04,2026-07-11,2026-07-11,2026-07-11,2026-08-11,,,,2026-07-11T14:00:17
sub_00076,cust_00107,plan_basic_monthly,month,canceled,2025-01-06,2025-01-13,2025-01-06,2025-01-06,2025-01-13,2025-01-13,trial_expired,,2025-01-06T14:37:01
sub_00077,cust_00109,plan_plus_monthly,month,canceled,2026-02-28,2026-03-07,2026-02-28,2026-02-28,2026-03-01,2026-03-01,trial_canceled,,2026-02-28T20:10:32
sub_00078,cust_00110,plan_basic_monthly,month,canceled,2024-12-28,2025-01-04,2025-01-04,2025-02-04,2025-03-04,2025-03-04,voluntary,,2025-01-04T06:27:38
sub_00079,cust_00111,plan_basic_monthly,month,canceled,2025-01-14,2025-01-21,2025-01-14,2025-01-14,2025-01-21,2025-01-21,trial_expired,,2025-01-14T07:20:09
sub_00080,cust_00114,plan_basic_monthly,month,canceled,2025-09-04,2025-09-11,2025-09-11,2025-10-11,2025-11-11,2025-11-11,voluntary,,2025-09-11T10:50:07
sub_00081,cust_00117,plan_basic_annual,year,canceled,2025-11-23,2025-11-30,2025-11-23,2025-11-23,2025-11-30,2025-11-30,trial_expired,,2025-11-23T05:23:44
sub_00082,cust_00122,plan_basic_annual,year,canceled,2023-11-24,2023-12-01,2023-11-24,2023-11-24,2023-12-01,2023-12-01,trial_expired,,2023-11-24T21:27:45
sub_00083,cust_00123,plan_basic_annual,year,canceled,2025-12-15,2025-12-22,2025-12-15,2025-12-15,2025-12-22,2025-12-22,trial_expired,,2025-12-15T01:28:15
sub_00084,cust_00124,plan_plus_monthly,month,active,2024-11-27,2024-12-04,2024-12-04,2026-07-04,2026-08-04,,,,2024-12-04T20:42:03
sub_00085,cust_00127,plan_basic_monthly,month,canceled,2025-03-04,2025-03-11,2025-03-04,2025-03-04,2025-03-06,2025-03-06,trial_canceled,,2025-03-04T13:35:57
sub_00086,cust_00128,plan_basic_monthly,month,canceled,2026-04-11,2026-04-18,2026-04-11,2026-04-11,2026-04-18,2026-04-18,trial_expired,,2026-04-11T00:05:09
sub_00087,cust_00129,plan_basic_annual,year,canceled,2026-04-29,2026-05-06,2026-04-29,2026-04-29,2026-05-06,2026-05-06,trial_expired,,2026-04-29T06:21:53
sub_00088,cust_00132,plan_basic_monthly,month,canceled,2026-01-17,2026-01-24,2026-01-24,2026-02-24,2026-03-24,2026-03-24,voluntary,,2026-01-24T12:20:13
sub_00089,cust_00133,plan_basic_monthly,month,canceled,2025-11-13,2025-11-20,2025-11-13,2025-11-13,2025-11-20,2025-11-20,trial_expired,,2025-11-13T23:13:47
sub_00090,cust_00134,plan_basic_monthly,month,canceled,2025-08-06,2025-08-13,2025-08-06,2025-08-06,2025-08-13,2025-08-13,trial_expired,,2025-08-06T22:18:27
sub_00091,cust_00135,plan_basic_monthly,month,active,2026-04-14,2026-04-21,2026-04-21,2026-07-21,2026-08-21,,,,2026-04-21T21:21:58
sub_00092,cust_00140,plan_basic_monthly,month,canceled,2023-08-30,2023-09-06,2023-08-30,2023-08-30,2023-09-02,2023-09-02,trial_canceled,,2023-08-30T08:23:28
sub_00093,cust_00141,plan_plus_annual,year,canceled,2024-01-15,2024-01-22,2024-01-15,2024-01-15,2024-01-17,2024-01-17,trial_canceled,,2024-01-15T22:28:51
sub_00094,cust_00143,plan_basic_annual,year,canceled,2024-11-18,2024-11-25,2024-11-18,2024-11-18,2024-11-25,2024-11-25,trial_expired,,2024-11-18T11:20:01
sub_00095,cust_00144,plan_basic_monthly,month,canceled,2026-03-25,2026-04-01,2026-03-25,2026-03-25,2026-03-30,2026-03-30,trial_canceled,,2026-03-25T16:02:08
sub_00096,cust_00145,plan_basic_annual,year,canceled,2024-01-12,2024-01-19,2024-01-12,2024-01-12,2024-01-17,2024-01-17,trial_canceled,,2024-01-12T08:53:00
sub_00097,cust_00146,plan_basic_annual,year,canceled,2023-12-14,2023-12-21,2023-12-21,2023-12-21,2024-01-21,2024-01-21,involuntary,,2023-12-21T07:45:13
sub_00098,cust_00148,plan_basic_monthly,month,canceled,2026-01-25,2026-02-01,2026-01-25,2026-01-25,2026-02-01,2026-02-01,trial_expired,,2026-01-25T19:18:57
sub_00099,cust_00149,plan_plus_monthly,month,canceled,2026-02-05,2026-02-12,2026-02-05,2026-02-05,2026-02-12,2026-02-12,trial_expired,,2026-02-05T00:40:57
sub_00100,cust_00150,plan_basic_monthly,month,canceled,2024-03-12,2024-03-19,2024-03-12,2024-03-12,2024-03-19,2024-03-19,trial_expired,,2024-03-12T10:33:01
sub_00101,cust_00152,plan_basic_annual,year,canceled,2025-12-08,2025-12-15,2025-12-08,2025-12-08,2025-12-15,2025-12-15,trial_expired,,2025-12-08T12:41:57
sub_00102,cust_00154,plan_plus_monthly,month,canceled,2023-09-05,2023-09-12,2023-09-05,2023-09-05,2023-09-12,2023-09-12,trial_expired,,2023-09-05T21:42:39
sub_00103,cust_00155,plan_basic_annual,year,canceled,2025-11-30,2025-12-07,2025-11-30,2025-11-30,2025-12-07,2025-12-07,trial_expired,,2025-11-30T01:25:20
sub_00104,cust_00156,plan_basic_monthly,month,canceled,2025-10-31,2025-11-07,2025-10-31,2025-10-31,2025-11-07,2025-11-07,trial_expired,,2025-10-31T04:34:59
sub_00105,cust_00157,plan_basic_monthly,month,active,2026-01-10,2026-01-17,2026-01-17,2026-07-17,2026-08-17,,,,2026-01-17T12:09:40
sub_00106,cust_00158,plan_basic_annual,year,canceled,2025-06-25,2025-07-02,2025-06-25,2025-06-25,2025-07-02,2025-07-02,trial_expired,,2025-06-25T09:56:46
sub_00107,cust_00160,plan_basic_monthly,month,canceled,2025-02-01,2025-02-08,2025-02-01,2025-02-01,2025-02-08,2025-02-08,trial_expired,,2025-02-01T15:49:18
sub_00108,cust_00162,plan_plus_monthly,month,canceled,2025-02-09,2025-02-16,2025-02-16,2025-04-16,2025-05-16,2025-05-16,voluntary,,2025-02-16T10:03:16
sub_00109,cust_00162,plan_basic_monthly,month,canceled,,,2025-10-19,2025-12-19,2026-01-19,2026-01-19,voluntary,,2025-10-19T11:07:27
sub_00110,cust_00162,plan_basic_monthly,month,canceled,,,2026-03-05,2026-03-05,2026-04-05,2026-04-05,voluntary,,2026-03-05T15:10:07
sub_00111,cust_00164,plan_basic_annual,year,canceled,2024-09-14,2024-09-21,2024-09-14,2024-09-14,2024-09-21,2024-09-21,trial_expired,,2024-09-14T14:01:13
sub_00112,cust_00165,plan_basic_monthly,month,canceled,2025-07-30,2025-08-06,2025-07-30,2025-07-30,2025-08-02,2025-08-02,trial_canceled,,2025-07-30T11:59:01
sub_00113,cust_00166,plan_basic_monthly,month,canceled,2024-12-02,2024-12-09,2024-12-09,2024-12-09,2025-01-09,2025-01-09,voluntary,,2024-12-09T05:55:04
sub_00114,cust_00167,plan_plus_annual,year,canceled,2024-12-27,2025-01-03,2024-12-27,2024-12-27,2024-12-29,2024-12-29,trial_canceled,,2024-12-27T06:06:44
sub_00115,cust_00168,plan_basic_annual,year,canceled,2024-11-28,2024-12-05,2024-11-28,2024-11-28,2024-12-02,2024-12-02,trial_canceled,,2024-11-28T17:35:19
sub_00116,cust_00169,plan_basic_monthly,month,canceled,2023-12-25,2024-01-01,2023-12-25,2023-12-25,2023-12-30,2023-12-30,trial_canceled,,2023-12-25T20:34:17
sub_00117,cust_00175,plan_basic_monthly,month,canceled,2023-12-21,2023-12-28,2023-12-21,2023-12-21,2023-12-28,2023-12-28,trial_expired,,2023-12-21T12:58:44
sub_00118,cust_00177,plan_basic_monthly,month,canceled,2026-06-01,2026-06-08,2026-06-01,2026-06-01,2026-06-08,2026-06-08,trial_expired,,2026-06-01T12:17:12
sub_00119,cust_00178,plan_basic_monthly,month,canceled,2024-04-29,2024-05-06,2024-04-29,2024-04-29,2024-05-06,2024-05-06,trial_expired,,2024-04-29T16:31:54
sub_00120,cust_00179,plan_basic_monthly,month,canceled,2024-01-03,2024-01-10,2024-01-03,2024-01-03,2024-01-04,2024-01-04,trial_canceled,,2024-01-03T05:26:22
sub_00121,cust_00180,plan_plus_monthly,month,active,2026-01-02,2026-01-09,2026-01-09,2026-07-09,2026-08-09,,,,2026-01-09T16:33:58
sub_00122,cust_00181,plan_basic_monthly,month,canceled,2023-12-15,2023-12-22,2023-12-22,2024-02-22,2024-03-22,2024-03-22,voluntary,,2023-12-22T20:40:01
sub_00123,cust_00182,plan_plus_monthly,month,canceled,2026-01-19,2026-01-26,2026-01-19,2026-01-19,2026-01-26,2026-01-26,trial_expired,,2026-01-19T05:26:02
sub_00124,cust_00185,plan_basic_monthly,month,canceled,2026-01-13,2026-01-20,2026-01-13,2026-01-13,2026-01-20,2026-01-20,trial_expired,,2026-01-13T23:42:25
sub_00125,cust_00186,plan_basic_monthly,month,canceled,2026-03-12,2026-03-19,2026-03-19,2026-03-19,2026-04-19,2026-04-19,voluntary,,2026-03-19T06:19:06
sub_00126,cust_00187,plan_basic_annual,year,canceled,2024-01-07,2024-01-14,2024-01-07,2024-01-07,2024-01-14,2024-01-14,trial_expired,,2024-01-07T00:37:52
sub_00127,cust_00189,plan_basic_monthly,month,active,2024-06-03,2024-06-10,2024-06-10,2026-07-10,2026-08-10,,,,2024-06-10T16:02:10
sub_00128,cust_00190,plan_basic_annual,year,canceled,2025-06-20,2025-06-27,2025-06-20,2025-06-20,2025-06-27,2025-06-27,trial_expired,,2025-06-20T04:46:56
sub_00129,cust_00191,plan_plus_monthly,month,canceled,2024-04-19,2024-04-26,2024-04-26,2024-04-26,2024-05-26,2024-05-26,voluntary,,2024-04-26T12:33:04
sub_00130,cust_00191,plan_basic_monthly,month,canceled,,,2025-11-21,2025-11-21,2025-12-21,2025-12-21,voluntary,,2025-11-21T13:21:17
sub_00131,cust_00191,plan_plus_monthly,month,canceled,,,2026-03-12,2026-03-12,2026-04-12,2026-04-12,voluntary,,2026-03-12T23:35:13
sub_00132,cust_00191,plan_basic_monthly,month,active,,,2026-05-22,2026-07-22,2026-08-22,,,,2026-05-22T09:00:10
sub_00133,cust_00193,plan_plus_monthly,month,canceled,2026-03-18,2026-03-25,2026-03-18,2026-03-18,2026-03-25,2026-03-25,trial_expired,,2026-03-18T09:00:54
sub_00134,cust_00195,plan_plus_monthly,month,canceled,2024-08-04,2024-08-11,2024-08-11,2024-09-11,2024-10-11,2024-10-11,voluntary,,2024-08-11T20:53:52
sub_00135,cust_00196,plan_plus_monthly,month,canceled,2024-11-24,2024-12-01,2024-11-24,2024-11-24,2024-12-01,2024-12-01,trial_expired,,2024-11-24T09:35:25
sub_00136,cust_00197,plan_basic_monthly,month,active,2025-04-05,2025-04-12,2025-04-12,2026-07-12,2026-08-12,,,,2025-04-12T10:07:53
sub_00137,cust_00198,plan_plus_annual,year,canceled,2024-04-27,2024-05-04,2024-04-27,2024-04-27,2024-05-04,2024-05-04,trial_expired,,2024-04-27T13:14:43
sub_00138,cust_00200,plan_plus_monthly,month,canceled,2024-01-10,2024-01-17,2024-01-17,2024-01-17,2024-02-17,2024-02-17,involuntary,,2024-01-17T12:06:01
sub_00139,cust_00202,plan_basic_monthly,month,canceled,2025-02-22,2025-03-01,2025-03-01,2025-05-01,2025-06-01,2025-06-01,voluntary,,2025-03-01T14:08:47
sub_00140,cust_00203,plan_basic_monthly,month,active,2025-09-23,2025-09-30,2025-09-30,2026-07-30,2026-08-30,,,,2025-09-30T11:34:20
sub_00141,cust_00208,plan_basic_monthly,month,canceled,2024-07-07,2024-07-14,2024-07-07,2024-07-07,2024-07-14,2024-07-14,trial_expired,,2024-07-07T01:34:57
sub_00142,cust_00211,plan_plus_monthly,month,canceled,2026-01-03,2026-01-10,2026-01-10,2026-06-10,2026-07-10,2026-07-10,voluntary,,2026-01-10T20:51:31
sub_00143,cust_00212,plan_basic_annual,year,canceled,2024-12-10,2024-12-17,2024-12-10,2024-12-10,2024-12-17,2024-12-17,trial_expired,,2024-12-10T08:49:24
sub_00144,cust_00214,plan_basic_monthly,month,canceled,2026-05-04,2026-05-11,2026-05-11,2026-05-11,2026-06-11,2026-06-11,voluntary,,2026-05-11T10:30:27
sub_00145,cust_00215,plan_basic_monthly,month,canceled,2025-11-21,2025-11-28,2025-11-28,2026-04-28,2026-05-28,2026-05-28,involuntary,,2025-11-28T09:27:19
sub_00146,cust_00217,plan_basic_monthly,month,canceled,2025-09-25,2025-10-02,2025-10-02,2025-12-02,2026-01-02,2026-01-02,voluntary,,2025-10-02T14:03:13
sub_00147,cust_00219,plan_basic_annual,year,canceled,2023-10-29,2023-11-05,2023-10-29,2023-10-29,2023-11-05,2023-11-05,trial_expired,,2023-10-29T08:11:34
sub_00148,cust_00220,plan_basic_monthly,month,canceled,2025-09-25,2025-10-02,2025-09-25,2025-09-25,2025-10-02,2025-10-02,trial_expired,,2025-09-25T02:00:37
sub_00149,cust_00222,plan_plus_monthly,month,canceled,2025-08-25,2025-09-01,2025-08-25,2025-08-25,2025-09-01,2025-09-01,trial_expired,,2025-08-25T01:11:49
sub_00150,cust_00223,plan_plus_annual,year,canceled,2025-01-10,2025-01-17,2025-01-10,2025-01-10,2025-01-17,2025-01-17,trial_expired,,2025-01-10T18:11:12
sub_00151,cust_00224,plan_basic_annual,year,canceled,2026-07-05,2026-07-12,2026-07-05,2026-07-05,2026-07-10,2026-07-10,trial_canceled,,2026-07-05T20:39:42
sub_00152,cust_00225,plan_basic_monthly,month,canceled,2026-02-27,2026-03-06,2026-02-27,2026-02-27,2026-03-04,2026-03-04,trial_canceled,,2026-02-27T01:50:57
sub_00153,cust_00228,plan_basic_monthly,month,canceled,2024-02-16,2024-02-23,2024-02-23,2025-01-23,2025-02-23,2025-02-23,voluntary,,2024-02-23T07:19:30
sub_00154,cust_00229,plan_basic_annual,year,canceled,2023-11-23,2023-11-30,2023-11-23,2023-11-23,2023-11-30,2023-11-30,trial_expired,,2023-11-23T00:28:34
sub_00155,cust_00230,plan_basic_annual,year,canceled,2023-10-30,2023-11-06,2023-10-30,2023-10-30,2023-11-06,2023-11-06,trial_expired,,2023-10-30T18:04:50
sub_00156,cust_00231,plan_plus_monthly,month,canceled,2025-04-17,2025-04-24,2025-04-17,2025-04-17,2025-04-24,2025-04-24,trial_expired,,2025-04-17T15:28:30
sub_00157,cust_00234,plan_plus_monthly,month,canceled,2025-05-22,2025-05-29,2025-05-22,2025-05-22,2025-05-29,2025-05-29,trial_expired,,2025-05-22T09:47:37
sub_00158,cust_00235,plan_basic_monthly,month,canceled,2026-05-24,2026-05-31,2026-05-24,2026-05-24,2026-05-31,2026-05-31,trial_expired,,2026-05-24T02:17:42
sub_00159,cust_00236,plan_plus_annual,year,canceled,2025-10-22,2025-10-29,2025-10-22,2025-10-22,2025-10-29,2025-10-29,trial_expired,,2025-10-22T20:26:35
sub_00160,cust_00239,plan_plus_monthly,month,canceled,2026-06-27,2026-07-04,2026-06-27,2026-06-27,2026-07-04,2026-07-04,trial_expired,,2026-06-27T16:25:14
sub_00161,cust_00240,plan_plus_monthly,month,canceled,2026-04-07,2026-04-14,2026-04-07,2026-04-07,2026-04-14,2026-04-14,trial_expired,,2026-04-07T11:59:18
sub_00162,cust_00241,plan_plus_monthly,month,canceled,2024-05-16,2024-05-23,2024-05-16,2024-05-16,2024-05-23,2024-05-23,trial_expired,,2024-05-16T08:09:11
sub_00163,cust_00242,plan_basic_monthly,month,canceled,2026-02-20,2026-02-27,2026-02-20,2026-02-20,2026-02-27,2026-02-27,trial_expired,,2026-02-20T10:26:55
sub_00164,cust_00243,plan_basic_monthly,month,canceled,2025-03-31,2025-04-07,2025-03-31,2025-03-31,2025-04-07,2025-04-07,trial_expired,,2025-03-31T20:29:09
sub_00165,cust_00245,plan_basic_monthly,month,canceled,2025-05-01,2025-05-08,2025-05-01,2025-05-01,2025-05-08,2025-05-08,trial_expired,,2025-05-01T09:05:02
sub_00166,cust_00249,plan_plus_monthly,month,canceled,2026-02-06,2026-02-13,2026-02-06,2026-02-06,2026-02-10,2026-02-10,trial_canceled,,2026-02-06T01:54:15
sub_00167,cust_00250,plan_plus_monthly,month,active,2025-08-05,2025-08-12,2025-08-12,2026-07-12,2026-08-12,,,,2025-08-12T15:48:42
sub_00168,cust_00251,plan_plus_monthly,month,canceled,2026-01-29,2026-02-05,2026-01-29,2026-01-29,2026-01-31,2026-01-31,trial_canceled,,2026-01-29T04:28:40
sub_00169,cust_00252,plan_basic_monthly,month,canceled,2024-06-18,2024-06-25,2024-06-18,2024-06-18,2024-06-24,2024-06-24,trial_canceled,,2024-06-18T17:23:17
sub_00170,cust_00253,plan_plus_monthly,month,active,2026-03-30,2026-04-06,2026-04-06,2026-07-06,2026-08-06,,,,2026-04-06T11:30:28
sub_00171,cust_00254,plan_basic_monthly,month,canceled,2026-06-04,2026-06-11,2026-06-04,2026-06-04,2026-06-11,2026-06-11,trial_expired,,2026-06-04T01:56:53
sub_00172,cust_00255,plan_plus_monthly,month,canceled,2024-02-03,2024-02-10,2024-02-03,2024-02-03,2024-02-10,2024-02-10,trial_expired,,2024-02-03T19:11:04
sub_00173,cust_00259,plan_basic_monthly,month,active,2026-05-23,2026-05-30,2026-05-30,2026-07-30,2026-08-30,,,,2026-05-30T22:24:21
sub_00174,cust_00260,plan_basic_monthly,month,canceled,2024-08-02,2024-08-09,2024-08-02,2024-08-02,2024-08-09,2024-08-09,trial_expired,,2024-08-02T01:31:27
sub_00175,cust_00262,plan_basic_annual,year,active,2025-08-04,2025-08-11,2025-08-11,2025-08-11,2026-08-11,,,,2025-08-11T21:01:40
sub_00176,cust_00263,plan_basic_monthly,month,canceled,2024-01-26,2024-02-02,2024-01-26,2024-01-26,2024-02-02,2024-02-02,trial_expired,,2024-01-26T23:37:43
sub_00177,cust_00265,plan_basic_monthly,month,active,2026-04-14,2026-04-21,2026-04-21,2026-07-21,2026-08-21,,,,2026-04-21T02:41:40
sub_00178,cust_00266,plan_basic_annual,year,active,2026-01-05,2026-01-12,2026-01-12,2026-01-12,2027-01-12,,,,2026-01-12T14:10:29
sub_00179,cust_00267,plan_basic_monthly,month,canceled,2024-06-03,2024-06-10,2024-06-03,2024-06-03,2024-06-10,2024-06-10,trial_expired,,2024-06-03T09:09:30
sub_00180,cust_00269,plan_basic_monthly,month,canceled,2026-07-22,2026-07-29,2026-07-22,2026-07-22,2026-07-29,2026-07-29,trial_expired,,2026-07-22T09:47:38
sub_00181,cust_00270,plan_basic_annual,year,canceled,2025-03-14,2025-03-21,2025-03-14,2025-03-14,2025-03-15,2025-03-15,trial_canceled,,2025-03-14T14:41:05
sub_00182,cust_00272,plan_plus_monthly,month,canceled,2025-12-08,2025-12-15,2025-12-15,2025-12-15,2026-01-15,2026-01-15,voluntary,,2025-12-15T15:08:17
sub_00183,cust_00273,plan_basic_monthly,month,canceled,2026-01-24,2026-01-31,2026-01-31,2026-01-31,2026-02-28,2026-02-28,voluntary,,2026-01-31T10:44:24
sub_00184,cust_00274,plan_plus_monthly,month,canceled,2024-03-12,2024-03-19,2024-03-12,2024-03-12,2024-03-19,2024-03-19,trial_expired,,2024-03-12T22:53:27
sub_00185,cust_00275,plan_plus_monthly,month,canceled,2026-02-26,2026-03-05,2026-02-26,2026-02-26,2026-03-05,2026-03-05,trial_expired,,2026-02-26T21:15:01
sub_00186,cust_00277,plan_plus_monthly,month,active,2026-02-25,2026-03-04,2026-03-04,2026-07-04,2026-08-04,,,,2026-03-04T05:03:11
sub_00187,cust_00278,plan_basic_monthly,month,canceled,2026-06-10,2026-06-17,2026-06-10,2026-06-10,2026-06-14,2026-06-14,trial_canceled,,2026-06-10T19:27:55
sub_00188,cust_00280,plan_basic_monthly,month,canceled,2025-06-24,2025-07-01,2025-07-01,2025-08-01,2025-09-01,2025-09-01,voluntary,,2025-07-01T03:47:35
sub_00189,cust_00281,plan_basic_monthly,month,canceled,2026-05-05,2026-05-12,2026-05-05,2026-05-05,2026-05-12,2026-05-12,trial_expired,,2026-05-05T01:15:51
sub_00190,cust_00282,plan_plus_monthly,month,canceled,2026-02-22,2026-03-01,2026-03-01,2026-04-01,2026-05-01,2026-05-01,voluntary,,2026-03-01T07:20:53
sub_00191,cust_00282,plan_basic_monthly,month,active,,,2026-07-28,2026-07-28,2026-08-28,,,,2026-07-28T10:53:45
sub_00192,cust_00283,plan_basic_annual,year,canceled,2026-01-08,2026-01-15,2026-01-08,2026-01-08,2026-01-15,2026-01-15,trial_expired,,2026-01-08T01:25:19
sub_00193,cust_00284,plan_basic_monthly,month,canceled,2024-01-04,2024-01-11,2024-01-11,2024-01-11,2024-02-11,2024-02-11,voluntary,,2024-01-11T00:07:11
sub_00194,cust_00284,plan_plus_monthly,month,canceled,,,2026-01-03,2026-01-03,2026-02-03,2026-02-03,voluntary,,2026-01-03T06:57:01
sub_00195,cust_00286,plan_basic_monthly,month,canceled,2025-04-15,2025-04-22,2025-04-15,2025-04-15,2025-04-22,2025-04-22,trial_expired,,2025-04-15T05:48:21
sub_00196,cust_00287,plan_basic_monthly,month,canceled,2026-02-16,2026-02-23,2026-02-16,2026-02-16,2026-02-23,2026-02-23,trial_expired,,2026-02-16T12:23:46
sub_00197,cust_00289,plan_basic_monthly,month,canceled,2025-04-09,2025-04-16,2025-04-09,2025-04-09,2025-04-10,2025-04-10,trial_canceled,,2025-04-09T17:14:29
sub_00198,cust_00290,plan_basic_monthly,month,canceled,2024-09-26,2024-10-03,2024-10-03,2025-01-03,2025-02-03,2025-02-03,involuntary,,2024-10-03T03:59:46
sub_00199,cust_00293,plan_basic_monthly,month,canceled,2025-01-23,2025-01-30,2025-01-23,2025-01-23,2025-01-28,2025-01-28,trial_canceled,,2025-01-23T11:35:33
sub_00200,cust_00294,plan_basic_monthly,month,canceled,2025-11-17,2025-11-24,2025-11-17,2025-11-17,2025-11-24,2025-11-24,trial_expired,,2025-11-17T22:52:19
sub_00201,cust_00296,plan_basic_monthly,month,canceled,2024-01-12,2024-01-19,2024-01-12,2024-01-12,2024-01-14,2024-01-14,trial_canceled,,2024-01-12T18:20:43
sub_00202,cust_00297,plan_basic_annual,year,canceled,2025-06-12,2025-06-19,2025-06-12,2025-06-12,2025-06-19,2025-06-19,trial_expired,,2025-06-12T21:14:06
sub_00203,cust_00298,plan_basic_monthly,month,canceled,2024-11-12,2024-11-19,2024-11-12,2024-11-12,2024-11-19,2024-11-19,trial_expired,,2024-11-12T01:16:45
sub_00204,cust_00301,plan_basic_monthly,month,canceled,2025-09-17,2025-09-24,2025-09-17,2025-09-17,2025-09-24,2025-09-24,trial_expired,,2025-09-17T07:45:56
sub_00205,cust_00303,plan_basic_monthly,month,canceled,2024-09-24,2024-10-01,2024-10-01,2024-10-01,2024-11-01,2024-11-01,voluntary,,2024-10-01T14:55:55
sub_00206,cust_00304,plan_plus_annual,year,canceled,2025-04-21,2025-04-28,2025-04-21,2025-04-21,2025-04-28,2025-04-28,trial_expired,,2025-04-21T22:23:09
sub_00207,cust_00305,plan_plus_monthly,month,canceled,2025-09-04,2025-09-11,2025-09-11,2025-09-11,2025-10-11,2025-10-11,voluntary,,2025-09-11T02:35:55
sub_00208,cust_00308,plan_basic_monthly,month,active,2026-07-02,2026-07-09,2026-07-09,2026-07-09,2026-08-09,,,,2026-07-09T03:13:56
sub_00209,cust_00310,plan_basic_monthly,month,canceled,2024-01-19,2024-01-26,2024-01-19,2024-01-19,2024-01-20,2024-01-20,trial_canceled,,2024-01-19T09:56:06
sub_00210,cust_00312,plan_basic_monthly,month,canceled,2024-01-11,2024-01-18,2024-01-18,2024-02-18,2024-03-18,2024-03-18,voluntary,,2024-01-18T07:57:59
sub_00211,cust_00317,plan_plus_annual,year,canceled,2024-08-28,2024-09-04,2024-08-28,2024-08-28,2024-09-04,2024-09-04,trial_expired,,2024-08-28T22:30:42
sub_00212,cust_00318,plan_basic_monthly,month,canceled,2025-02-19,2025-02-26,2025-02-19,2025-02-19,2025-02-26,2025-02-26,trial_expired,,2025-02-19T19:59:18
sub_00213,cust_00319,plan_basic_monthly,month,canceled,2024-11-16,2024-11-23,2024-11-16,2024-11-16,2024-11-23,2024-11-23,trial_expired,,2024-11-16T13:14:52
sub_00214,cust_00320,plan_basic_monthly,month,active,2026-04-24,2026-05-01,2026-05-01,2026-07-01,2026-08-01,,,,2026-05-01T17:46:12
sub_00215,cust_00321,plan_basic_monthly,month,canceled,2025-01-09,2025-01-16,2025-01-09,2025-01-09,2025-01-16,2025-01-16,trial_expired,,2025-01-09T22:20:08
sub_00216,cust_00322,plan_basic_monthly,month,canceled,2024-11-16,2024-11-23,2024-11-16,2024-11-16,2024-11-21,2024-11-21,trial_canceled,,2024-11-16T01:52:24
sub_00217,cust_00327,plan_basic_monthly,month,canceled,2026-01-31,2026-02-07,2026-01-31,2026-01-31,2026-02-04,2026-02-04,trial_canceled,,2026-01-31T01:26:48
sub_00218,cust_00328,plan_basic_monthly,month,canceled,2026-07-12,2026-07-19,2026-07-12,2026-07-12,2026-07-15,2026-07-15,trial_canceled,,2026-07-12T04:10:28
sub_00219,cust_00329,plan_basic_annual,year,canceled,2024-10-05,2024-10-12,2024-10-05,2024-10-05,2024-10-12,2024-10-12,trial_expired,,2024-10-05T14:40:21
sub_00220,cust_00330,plan_plus_monthly,month,active,2026-01-11,2026-01-18,2026-01-18,2026-07-18,2026-08-18,,,,2026-01-18T13:24:50
sub_00221,cust_00331,plan_basic_annual,year,canceled,2024-03-05,2024-03-12,2024-03-05,2024-03-05,2024-03-12,2024-03-12,trial_expired,,2024-03-05T19:01:25
sub_00222,cust_00334,plan_basic_monthly,month,canceled,2024-03-06,2024-03-13,2024-03-06,2024-03-06,2024-03-13,2024-03-13,trial_expired,,2024-03-06T20:19:11
sub_00223,cust_00336,plan_basic_monthly,month,canceled,2026-02-15,2026-02-22,2026-02-15,2026-02-15,2026-02-22,2026-02-22,trial_expired,,2026-02-15T06:05:32
sub_00224,cust_00337,plan_basic_monthly,month,canceled,2025-11-22,2025-11-29,2025-11-22,2025-11-22,2025-11-29,2025-11-29,trial_expired,,2025-11-22T11:37:01
sub_00225,cust_00338,plan_basic_monthly,month,canceled,2026-06-26,2026-07-03,2026-06-26,2026-06-26,2026-07-03,2026-07-03,trial_expired,,2026-06-26T21:33:13
sub_00226,cust_00344,plan_basic_annual,year,canceled,2025-09-05,2025-09-12,2025-09-05,2025-09-05,2025-09-12,2025-09-12,trial_expired,,2025-09-05T14:31:40
sub_00227,cust_00345,plan_basic_monthly,month,canceled,2024-12-19,2024-12-26,2024-12-19,2024-12-19,2024-12-26,2024-12-26,trial_expired,,2024-12-19T21:06:44
sub_00228,cust_00346,plan_plus_monthly,month,canceled,2025-08-12,2025-08-19,2025-08-12,2025-08-12,2025-08-19,2025-08-19,trial_expired,,2025-08-12T00:24:52
sub_00229,cust_00347,plan_basic_monthly,month,canceled,2025-03-17,2025-03-24,2025-03-17,2025-03-17,2025-03-24,2025-03-24,trial_expired,,2025-03-17T04:23:30
sub_00230,cust_00349,plan_plus_annual,year,canceled,2025-08-29,2025-09-05,2025-08-29,2025-08-29,2025-09-05,2025-09-05,trial_expired,,2025-08-29T05:04:20
sub_00231,cust_00350,plan_basic_monthly,month,active,2025-07-29,2025-08-05,2025-08-05,2026-07-05,2026-08-05,,,,2025-08-05T10:10:34
sub_00232,cust_00351,plan_basic_monthly,month,canceled,2026-01-15,2026-01-22,2026-01-15,2026-01-15,2026-01-22,2026-01-22,trial_expired,,2026-01-15T14:38:10
sub_00233,cust_00354,plan_plus_monthly,month,canceled,2024-03-28,2024-04-04,2024-03-28,2024-03-28,2024-04-03,2024-04-03,trial_canceled,,2024-03-28T06:26:18
sub_00234,cust_00355,plan_plus_monthly,month,canceled,2026-05-27,2026-06-03,2026-05-27,2026-05-27,2026-06-03,2026-06-03,trial_expired,,2026-05-27T02:56:23
sub_00235,cust_00356,plan_plus_annual,year,canceled,2026-06-08,2026-06-15,2026-06-08,2026-06-08,2026-06-09,2026-06-09,trial_canceled,,2026-06-08T19:54:04
sub_00236,cust_00357,plan_basic_monthly,month,canceled,2025-04-27,2025-05-04,2025-04-27,2025-04-27,2025-05-04,2025-05-04,trial_expired,,2025-04-27T02:39:31
sub_00237,cust_00359,plan_plus_monthly,month,canceled,2024-07-16,2024-07-23,2024-07-16,2024-07-16,2024-07-19,2024-07-19,trial_canceled,,2024-07-16T19:43:43
sub_00238,cust_00361,plan_basic_annual,year,active,2026-05-27,2026-06-03,2026-06-03,2026-06-03,2027-06-03,,,,2026-06-03T02:33:53
sub_00239,cust_00363,plan_basic_monthly,month,active,2025-07-09,2025-07-16,2025-07-16,2026-07-16,2026-08-16,,,,2025-07-16T14:03:04
sub_00240,cust_00365,plan_basic_annual,year,canceled,2025-06-20,2025-06-27,2025-06-20,2025-06-20,2025-06-27,2025-06-27,trial_expired,,2025-06-20T15:39:53
sub_00241,cust_00366,plan_basic_monthly,month,canceled,2026-02-14,2026-02-21,2026-02-14,2026-02-14,2026-02-21,2026-02-21,trial_expired,,2026-02-14T15:41:53
sub_00242,cust_00367,plan_basic_monthly,month,canceled,2025-05-23,2025-05-30,2025-05-23,2025-05-23,2025-05-30,2025-05-30,trial_expired,,2025-05-23T23:52:00
sub_00243,cust_00369,plan_basic_monthly,month,active,2026-01-02,2026-01-09,2026-01-09,2026-07-09,2026-08-09,,,,2026-01-09T16:00:55
sub_00244,cust_00371,plan_basic_monthly,month,canceled,2024-11-10,2024-11-17,2024-11-10,2024-11-10,2024-11-17,2024-11-17,trial_expired,,2024-11-10T17:01:34
sub_00245,cust_00372,plan_basic_monthly,month,canceled,2023-11-29,2023-12-06,2023-12-06,2023-12-06,2024-01-06,2024-01-06,involuntary,,2023-12-06T03:51:17
sub_00246,cust_00374,plan_basic_monthly,month,canceled,2025-02-02,2025-02-09,2025-02-02,2025-02-02,2025-02-09,2025-02-09,trial_expired,,2025-02-02T04:34:17
sub_00247,cust_00376,plan_basic_monthly,month,canceled,2023-12-20,2023-12-27,2023-12-20,2023-12-20,2023-12-27,2023-12-27,trial_expired,,2023-12-20T05:50:14
sub_00248,cust_00377,plan_basic_monthly,month,canceled,2025-01-26,2025-02-02,2025-01-26,2025-01-26,2025-02-02,2025-02-02,trial_expired,,2025-01-26T16:37:55
sub_00249,cust_00379,plan_basic_annual,year,canceled,2024-08-15,2024-08-22,2024-08-15,2024-08-15,2024-08-22,2024-08-22,trial_expired,,2024-08-15T00:25:06
sub_00250,cust_00382,plan_basic_monthly,month,canceled,2025-05-04,2025-05-11,2025-05-11,2025-07-11,2025-08-11,2025-08-11,voluntary,,2025-05-11T13:16:35
sub_00251,cust_00385,plan_basic_annual,year,active,2024-09-19,2024-09-26,2024-09-26,2025-09-26,2026-09-26,,,,2024-09-26T03:18:05
sub_00252,cust_00386,plan_basic_monthly,month,canceled,2024-04-06,2024-04-13,2024-04-06,2024-04-06,2024-04-13,2024-04-13,trial_expired,,2024-04-06T02:20:31
sub_00253,cust_00388,plan_basic_monthly,month,canceled,2024-09-01,2024-09-08,2024-09-01,2024-09-01,2024-09-08,2024-09-08,trial_expired,,2024-09-01T19:20:57
sub_00254,cust_00389,plan_basic_monthly,month,canceled,2025-07-18,2025-07-25,2025-07-18,2025-07-18,2025-07-25,2025-07-25,trial_expired,,2025-07-18T06:20:24
sub_00255,cust_00390,plan_plus_monthly,month,canceled,2024-08-28,2024-09-04,2024-08-28,2024-08-28,2024-09-04,2024-09-04,trial_expired,,2024-08-28T00:34:10
sub_00256,cust_00391,plan_plus_annual,year,canceled,2024-07-12,2024-07-19,2024-07-12,2024-07-12,2024-07-13,2024-07-13,trial_canceled,,2024-07-12T02:00:41
sub_00257,cust_00392,plan_basic_monthly,month,canceled,2026-01-15,2026-01-22,2026-01-22,2026-01-22,2026-02-22,2026-02-22,voluntary,,2026-01-22T09:03:57
sub_00258,cust_00393,plan_basic_monthly,month,canceled,2025-08-26,2025-09-02,2025-08-26,2025-08-26,2025-09-02,2025-09-02,trial_expired,,2025-08-26T05:28:45
sub_00259,cust_00394,plan_basic_monthly,month,canceled,2024-03-14,2024-03-21,2024-03-21,2024-12-21,2025-01-21,2025-01-21,involuntary,,2024-03-21T04:34:13
sub_00260,cust_00394,plan_basic_monthly,month,active,,,2026-05-02,2026-07-02,2026-08-02,,,,2026-05-02T08:14:50
sub_00261,cust_00397,plan_basic_monthly,month,active,2026-07-12,2026-07-19,2026-07-19,2026-07-19,2026-08-19,,,,2026-07-19T17:54:53
sub_00262,cust_00398,plan_basic_monthly,month,canceled,2026-01-09,2026-01-16,2026-01-09,2026-01-09,2026-01-11,2026-01-11,trial_canceled,,2026-01-09T09:15:51
sub_00263,cust_00399,plan_basic_monthly,month,canceled,2024-06-12,2024-06-19,2024-06-12,2024-06-12,2024-06-19,2024-06-19,trial_expired,,2024-06-12T21:13:51
sub_00264,cust_00400,plan_basic_monthly,month,canceled,2026-07-18,2026-07-25,2026-07-18,2026-07-18,2026-07-23,2026-07-23,trial_canceled,,2026-07-18T01:09:20
sub_00265,cust_00401,plan_plus_annual,year,canceled,2023-12-13,2023-12-20,2023-12-13,2023-12-13,2023-12-20,2023-12-20,trial_expired,,2023-12-13T23:26:29
sub_00266,cust_00402,plan_basic_monthly,month,canceled,2025-11-07,2025-11-14,2025-11-07,2025-11-07,2025-11-14,2025-11-14,trial_expired,,2025-11-07T07:16:39
sub_00267,cust_00403,plan_basic_monthly,month,canceled,2024-06-04,2024-06-11,2024-06-04,2024-06-04,2024-06-11,2024-06-11,trial_expired,,2024-06-04T06:51:26
sub_00268,cust_00404,plan_plus_monthly,month,active,2025-06-15,2025-06-22,2025-06-22,2026-07-22,2026-08-22,,,,2025-06-22T04:51:36
sub_00269,cust_00407,plan_plus_monthly,month,canceled,2024-10-15,2024-10-22,2024-10-15,2024-10-15,2024-10-22,2024-10-22,trial_expired,,2024-10-15T05:20:43
sub_00270,cust_00408,plan_basic_monthly,month,canceled,2024-04-27,2024-05-04,2024-04-27,2024-04-27,2024-05-04,2024-05-04,trial_expired,,2024-04-27T04:02:33
sub_00271,cust_00409,plan_basic_monthly,month,canceled,2026-05-13,2026-05-20,2026-05-20,2026-05-20,2026-06-20,2026-06-20,voluntary,,2026-05-20T02:08:40
sub_00272,cust_00410,plan_basic_monthly,month,active,2024-11-03,2024-11-10,2024-11-10,2026-07-10,2026-08-10,,,,2024-11-10T03:48:42
sub_00273,cust_00411,plan_basic_monthly,month,canceled,2023-12-03,2023-12-10,2023-12-03,2023-12-03,2023-12-06,2023-12-06,trial_canceled,,2023-12-03T19:49:11
sub_00274,cust_00412,plan_basic_monthly,month,canceled,2025-08-31,2025-09-07,2025-08-31,2025-08-31,2025-09-07,2025-09-07,trial_expired,,2025-08-31T16:59:26
sub_00275,cust_00413,plan_plus_monthly,month,canceled,2025-03-10,2025-03-17,2025-03-10,2025-03-10,2025-03-17,2025-03-17,trial_expired,,2025-03-10T18:19:40
sub_00276,cust_00414,plan_basic_monthly,month,canceled,2025-01-14,2025-01-21,2025-01-14,2025-01-14,2025-01-21,2025-01-21,trial_expired,,2025-01-14T11:08:37
sub_00277,cust_00416,plan_basic_monthly,month,active,2024-02-01,2024-02-08,2024-02-08,2026-07-08,2026-08-08,,,,2024-02-08T13:45:02
sub_00278,cust_00418,plan_basic_monthly,month,canceled,2026-02-26,2026-03-05,2026-02-26,2026-02-26,2026-03-04,2026-03-04,trial_canceled,,2026-02-26T12:09:59
sub_00279,cust_00421,plan_basic_monthly,month,canceled,2023-12-13,2023-12-20,2023-12-13,2023-12-13,2023-12-20,2023-12-20,trial_expired,,2023-12-13T20:08:31
sub_00280,cust_00423,plan_plus_monthly,month,canceled,2024-02-28,2024-03-06,2024-02-28,2024-02-28,2024-03-06,2024-03-06,trial_expired,,2024-02-28T02:22:35
sub_00281,cust_00424,plan_basic_monthly,month,canceled,2026-01-21,2026-01-28,2026-01-21,2026-01-21,2026-01-28,2026-01-28,trial_expired,,2026-01-21T10:14:57
sub_00282,cust_00425,plan_basic_annual,year,canceled,2025-01-15,2025-01-22,2025-01-15,2025-01-15,2025-01-22,2025-01-22,trial_expired,,2025-01-15T06:01:35
sub_00283,cust_00426,plan_basic_monthly,month,canceled,2025-12-19,2025-12-26,2025-12-19,2025-12-19,2025-12-23,2025-12-23,trial_canceled,,2025-12-19T00:18:19
sub_00284,cust_00427,plan_plus_monthly,month,canceled,2025-10-29,2025-11-05,2025-11-05,2026-01-05,2026-02-05,2026-02-05,voluntary,,2025-11-05T00:57:27
sub_00285,cust_00427,plan_plus_monthly,month,canceled,,,2026-04-09,2026-05-09,2026-06-09,2026-06-09,voluntary,,2026-04-09T22:22:46
sub_00286,cust_00427,plan_basic_monthly,month,active,,,2026-07-24,2026-07-24,2026-08-24,,,,2026-07-24T03:30:54
sub_00287,cust_00428,plan_plus_monthly,month,canceled,2026-01-19,2026-01-26,2026-01-19,2026-01-19,2026-01-26,2026-01-26,trial_expired,,2026-01-19T20:20:58
sub_00288,cust_00429,plan_basic_monthly,month,canceled,2025-12-16,2025-12-23,2025-12-16,2025-12-16,2025-12-23,2025-12-23,trial_expired,,2025-12-16T07:09:21
sub_00289,cust_00430,plan_basic_monthly,month,canceled,2024-01-13,2024-01-20,2024-01-20,2024-01-20,2024-02-20,2024-02-20,voluntary,,2024-01-20T14:46:31
sub_00290,cust_00430,plan_basic_annual,year,canceled,,,2025-01-17,2025-01-17,2026-01-17,2026-01-17,involuntary,,2025-01-17T08:18:10
sub_00291,cust_00430,plan_plus_monthly,month,canceled,,,2026-05-12,2026-05-12,2026-06-12,2026-06-12,voluntary,,2026-05-12T20:47:37
sub_00292,cust_00431,plan_basic_monthly,month,canceled,2025-10-02,2025-10-09,2025-10-02,2025-10-02,2025-10-09,2025-10-09,trial_expired,,2025-10-02T12:35:27
sub_00293,cust_00432,plan_basic_monthly,month,canceled,2025-08-21,2025-08-28,2025-08-21,2025-08-21,2025-08-28,2025-08-28,trial_expired,,2025-08-21T07:33:12
sub_00294,cust_00434,plan_plus_monthly,month,active,2025-02-08,2025-02-15,2025-02-15,2026-07-15,2026-08-15,,,,2025-02-15T19:39:03
sub_00295,cust_00438,plan_plus_monthly,month,canceled,2025-11-25,2025-12-02,2025-11-25,2025-11-25,2025-11-29,2025-11-29,trial_canceled,,2025-11-25T03:44:11
sub_00296,cust_00441,plan_basic_monthly,month,canceled,2025-01-09,2025-01-16,2025-01-16,2025-04-16,2025-05-16,2025-05-16,involuntary,,2025-01-16T00:19:19
sub_00297,cust_00442,plan_basic_monthly,month,canceled,2023-12-18,2023-12-25,2023-12-18,2023-12-18,2023-12-25,2023-12-25,trial_expired,,2023-12-18T06:58:34
sub_00298,cust_00445,plan_basic_monthly,month,canceled,2026-02-22,2026-03-01,2026-02-22,2026-02-22,2026-03-01,2026-03-01,trial_expired,,2026-02-22T00:22:01
sub_00299,cust_00446,plan_basic_monthly,month,canceled,2025-01-07,2025-01-14,2025-01-07,2025-01-07,2025-01-14,2025-01-14,trial_expired,,2025-01-07T04:12:42
sub_00300,cust_00447,plan_plus_monthly,month,canceled,2024-01-15,2024-01-22,2024-01-22,2024-02-22,2024-03-22,2024-03-22,voluntary,,2024-01-22T14:17:15
sub_00301,cust_00448,plan_basic_monthly,month,canceled,2026-04-06,2026-04-13,2026-04-06,2026-04-06,2026-04-13,2026-04-13,trial_expired,,2026-04-06T15:32:25
sub_00302,cust_00449,plan_basic_monthly,month,canceled,2023-11-28,2023-12-05,2023-11-28,2023-11-28,2023-12-05,2023-12-05,trial_expired,,2023-11-28T07:56:30
sub_00303,cust_00450,plan_basic_monthly,month,canceled,2023-12-14,2023-12-21,2023-12-14,2023-12-14,2023-12-21,2023-12-21,trial_expired,,2023-12-14T19:30:30
sub_00304,cust_00452,plan_basic_annual,year,canceled,2024-11-21,2024-11-28,2024-11-21,2024-11-21,2024-11-28,2024-11-28,trial_expired,,2024-11-21T18:04:01
sub_00305,cust_00453,plan_basic_monthly,month,canceled,2026-07-04,2026-07-11,2026-07-04,2026-07-04,2026-07-11,2026-07-11,trial_expired,,2026-07-04T18:56:21
sub_00306,cust_00455,plan_basic_monthly,month,canceled,2025-05-31,2025-06-07,2025-05-31,2025-05-31,2025-06-07,2025-06-07,trial_expired,,2025-05-31T11:03:40
sub_00307,cust_00456,plan_basic_monthly,month,canceled,2024-03-03,2024-03-10,2024-03-10,2024-03-10,2024-04-10,2024-04-10,voluntary,,2024-03-10T23:10:49
sub_00308,cust_00457,plan_basic_monthly,month,canceled,2025-12-16,2025-12-23,2025-12-16,2025-12-16,2025-12-22,2025-12-22,trial_canceled,,2025-12-16T05:06:53
sub_00309,cust_00460,plan_basic_monthly,month,canceled,2025-11-08,2025-11-15,2025-11-08,2025-11-08,2025-11-15,2025-11-15,trial_expired,,2025-11-08T05:32:19
sub_00310,cust_00461,plan_basic_annual,year,canceled,2026-05-25,2026-06-01,2026-05-25,2026-05-25,2026-06-01,2026-06-01,trial_expired,,2026-05-25T17:33:16
sub_00311,cust_00462,plan_basic_annual,year,active,2025-06-26,2025-07-03,2025-07-03,2026-07-03,2027-07-03,,,,2025-07-03T06:43:00
sub_00312,cust_00463,plan_basic_monthly,month,canceled,2025-12-09,2025-12-16,2025-12-09,2025-12-09,2025-12-13,2025-12-13,trial_canceled,,2025-12-09T02:00:12
sub_00313,cust_00466,plan_plus_monthly,month,canceled,2024-11-05,2024-11-12,2024-11-05,2024-11-05,2024-11-11,2024-11-11,trial_canceled,,2024-11-05T09:31:26
sub_00314,cust_00468,plan_plus_monthly,month,canceled,2024-02-01,2024-02-08,2024-02-01,2024-02-01,2024-02-03,2024-02-03,trial_canceled,,2024-02-01T10:45:45
sub_00315,cust_00469,plan_basic_monthly,month,canceled,2025-10-17,2025-10-24,2025-10-24,2025-10-24,2025-11-24,2025-11-24,involuntary,,2025-10-24T00:36:52
sub_00316,cust_00470,plan_basic_monthly,month,canceled,2024-03-04,2024-03-11,2024-03-04,2024-03-04,2024-03-09,2024-03-09,trial_canceled,,2024-03-04T20:54:14
sub_00317,cust_00471,plan_basic_annual,year,canceled,2023-10-27,2023-11-03,2023-11-03,2023-11-03,2024-03-03,2024-03-03,voluntary,,2023-11-03T23:07:30
sub_00318,cust_00472,plan_basic_monthly,month,active,2024-01-09,2024-01-16,2024-01-16,2026-07-16,2026-08-16,,,,2024-01-16T22:32:23
sub_00319,cust_00474,plan_plus_monthly,month,active,2025-11-01,2025-11-08,2025-11-08,2026-07-08,2026-08-08,,,,2025-11-08T14:08:16
sub_00320,cust_00475,plan_plus_monthly,month,canceled,2024-10-25,2024-11-01,2024-10-25,2024-10-25,2024-11-01,2024-11-01,trial_expired,,2024-10-25T05:07:07
sub_00321,cust_00476,plan_basic_annual,year,canceled,2024-09-24,2024-10-01,2024-09-24,2024-09-24,2024-10-01,2024-10-01,trial_expired,,2024-09-24T08:16:22
sub_00322,cust_00477,plan_basic_monthly,month,canceled,2025-08-16,2025-08-23,2025-08-16,2025-08-16,2025-08-23,2025-08-23,trial_expired,,2025-08-16T14:22:29
sub_00323,cust_00479,plan_basic_monthly,month,canceled,2024-06-17,2024-06-24,2024-06-17,2024-06-17,2024-06-24,2024-06-24,trial_expired,,2024-06-17T19:31:22
sub_00324,cust_00481,plan_basic_monthly,month,canceled,2026-04-01,2026-04-08,2026-04-01,2026-04-01,2026-04-08,2026-04-08,trial_expired,,2026-04-01T10:12:56
sub_00325,cust_00482,plan_plus_monthly,month,canceled,2026-05-26,2026-06-02,2026-05-26,2026-05-26,2026-05-31,2026-05-31,trial_canceled,,2026-05-26T06:26:57
sub_00326,cust_00483,plan_basic_monthly,month,canceled,2025-11-21,2025-11-28,2025-11-21,2025-11-21,2025-11-24,2025-11-24,trial_canceled,,2025-11-21T18:47:57
sub_00327,cust_00484,plan_basic_monthly,month,canceled,2026-04-09,2026-04-16,2026-04-16,2026-05-16,2026-06-16,2026-06-16,voluntary,,2026-04-16T22:41:10
sub_00328,cust_00488,plan_basic_monthly,month,canceled,2025-11-13,2025-11-20,2025-11-20,2025-11-20,2025-12-20,2025-12-20,voluntary,,2025-11-20T04:20:50
sub_00329,cust_00490,plan_basic_monthly,month,canceled,2025-01-17,2025-01-24,2025-01-17,2025-01-17,2025-01-24,2025-01-24,trial_expired,,2025-01-17T20:12:49
sub_00330,cust_00491,plan_plus_monthly,month,active,2026-07-06,2026-07-13,2026-07-13,2026-07-13,2026-08-13,,,,2026-07-13T17:20:36
sub_00331,cust_00493,plan_basic_monthly,month,canceled,2024-03-21,2024-03-28,2024-03-21,2024-03-21,2024-03-28,2024-03-28,trial_expired,,2024-03-21T18:42:25
sub_00332,cust_00495,plan_basic_monthly,month,canceled,2024-10-23,2024-10-30,2024-10-23,2024-10-23,2024-10-30,2024-10-30,trial_expired,,2024-10-23T12:53:51
sub_00333,cust_00498,plan_basic_monthly,month,canceled,2024-05-07,2024-05-14,2024-05-07,2024-05-07,2024-05-08,2024-05-08,trial_canceled,,2024-05-07T06:32:02
sub_00334,cust_00500,plan_plus_monthly,month,canceled,2026-06-28,2026-07-05,2026-06-28,2026-06-28,2026-07-05,2026-07-05,trial_expired,,2026-06-28T19:47:55
sub_00335,cust_00501,plan_plus_monthly,month,canceled,2023-12-23,2023-12-30,2023-12-23,2023-12-23,2023-12-29,2023-12-29,trial_canceled,,2023-12-23T12:23:18
sub_00336,cust_00502,plan_basic_monthly,month,canceled,2025-04-28,2025-05-05,2025-04-28,2025-04-28,2025-05-05,2025-05-05,trial_expired,,2025-04-28T08:00:59
sub_00337,cust_00503,plan_basic_monthly,month,canceled,2025-11-05,2025-11-12,2025-11-05,2025-11-05,2025-11-12,2025-11-12,trial_expired,,2025-11-05T10:41:55
sub_00338,cust_00506,plan_plus_monthly,month,canceled,2024-10-25,2024-11-01,2024-10-25,2024-10-25,2024-11-01,2024-11-01,trial_expired,,2024-10-25T18:54:23
sub_00339,cust_00507,plan_basic_monthly,month,canceled,2025-08-30,2025-09-06,2025-08-30,2025-08-30,2025-09-06,2025-09-06,trial_expired,,2025-08-30T19:30:34
sub_00340,cust_00508,plan_basic_monthly,month,canceled,2025-01-11,2025-01-18,2025-01-11,2025-01-11,2025-01-18,2025-01-18,trial_expired,,2025-01-11T06:01:32
sub_00341,cust_00510,plan_plus_monthly,month,canceled,2025-11-26,2025-12-03,2025-11-26,2025-11-26,2025-12-03,2025-12-03,trial_expired,,2025-11-26T17:44:02
sub_00342,cust_00511,plan_plus_annual,year,canceled,2024-06-03,2024-06-10,2024-06-03,2024-06-03,2024-06-10,2024-06-10,trial_expired,,2024-06-03T19:50:00
sub_00343,cust_00512,plan_basic_monthly,month,active,2026-01-20,2026-01-27,2026-01-27,2026-07-27,2026-08-27,,,,2026-01-27T16:41:27
sub_00344,cust_00513,plan_basic_monthly,month,canceled,2025-07-13,2025-07-20,2025-07-20,2025-07-20,2025-08-20,2025-08-20,involuntary,,2025-07-20T19:12:07
sub_00345,cust_00515,plan_basic_monthly,month,active,2024-01-18,2024-01-25,2024-01-25,2026-07-25,2026-08-25,,,,2024-01-25T23:53:37
sub_00346,cust_00516,plan_basic_monthly,month,canceled,2025-04-16,2025-04-23,2025-04-16,2025-04-16,2025-04-19,2025-04-19,trial_canceled,,2025-04-16T04:54:31
sub_00347,cust_00518,plan_basic_monthly,month,canceled,2026-01-22,2026-01-29,2026-01-22,2026-01-22,2026-01-29,2026-01-29,trial_expired,,2026-01-22T19:00:05
sub_00348,cust_00519,plan_basic_monthly,month,active,2024-02-07,2024-02-14,2024-02-14,2026-07-14,2026-08-14,,,,2024-02-14T13:44:22
sub_00349,cust_00520,plan_basic_monthly,month,canceled,2025-12-03,2025-12-10,2025-12-03,2025-12-03,2025-12-10,2025-12-10,trial_expired,,2025-12-03T21:27:58
sub_00350,cust_00521,plan_plus_monthly,month,active,2025-12-07,2025-12-14,2025-12-14,2026-07-14,2026-08-14,,,,2025-12-14T22:54:24
sub_00351,cust_00522,plan_plus_monthly,month,active,2025-04-04,2025-04-11,2025-04-11,2026-07-11,2026-08-11,,,,2025-04-11T13:55:37
sub_00352,cust_00523,plan_plus_monthly,month,canceled,2025-09-22,2025-09-29,2025-09-29,2026-02-28,2026-03-29,2026-03-29,voluntary,,2025-09-29T16:23:56
sub_00353,cust_00523,plan_basic_monthly,month,active,,,2026-07-02,2026-07-02,2026-08-02,,,,2026-07-02T07:45:39
sub_00354,cust_00526,plan_basic_monthly,month,active,2024-09-11,2024-09-18,2024-09-18,2026-07-18,2026-08-18,,,,2024-09-18T03:36:34
sub_00355,cust_00527,plan_basic_monthly,month,active,2025-09-06,2025-09-13,2025-09-13,2026-07-13,2026-08-13,,,,2025-09-13T18:00:31
sub_00356,cust_00529,plan_basic_monthly,month,canceled,2026-01-19,2026-01-26,2026-01-26,2026-01-26,2026-02-26,2026-02-26,involuntary,,2026-01-26T02:21:53
sub_00357,cust_00531,plan_basic_annual,year,canceled,2024-02-25,2024-03-03,2024-02-25,2024-02-25,2024-03-03,2024-03-03,trial_expired,,2024-02-25T12:02:40
sub_00358,cust_00532,plan_plus_annual,year,canceled,2026-01-18,2026-01-25,2026-01-18,2026-01-18,2026-01-25,2026-01-25,trial_expired,,2026-01-18T05:27:13
sub_00359,cust_00533,plan_basic_monthly,month,active,2023-11-07,2023-11-14,2023-11-14,2026-07-14,2026-08-14,,,,2023-11-14T07:42:22
sub_00360,cust_00534,plan_basic_monthly,month,canceled,2023-09-26,2023-10-03,2023-10-03,2023-12-03,2024-01-03,2024-01-03,voluntary,,2023-10-03T21:46:06
sub_00361,cust_00535,plan_basic_monthly,month,active,2026-02-23,2026-03-02,2026-03-02,2026-07-02,2026-08-02,,,,2026-03-02T02:04:30
sub_00362,cust_00537,plan_basic_monthly,month,canceled,2024-11-19,2024-11-26,2024-11-19,2024-11-19,2024-11-26,2024-11-26,trial_expired,,2024-11-19T18:10:41
sub_00363,cust_00538,plan_basic_monthly,month,canceled,2023-11-27,2023-12-04,2023-11-27,2023-11-27,2023-12-04,2023-12-04,trial_expired,,2023-11-27T08:40:03
sub_00364,cust_00541,plan_basic_monthly,month,canceled,2023-10-11,2023-10-18,2023-10-11,2023-10-11,2023-10-18,2023-10-18,trial_expired,,2023-10-11T20:51:36
sub_00365,cust_00542,plan_plus_monthly,month,canceled,2026-01-27,2026-02-03,2026-01-27,2026-01-27,2026-02-03,2026-02-03,trial_expired,,2026-01-27T13:04:40
sub_00366,cust_00543,plan_basic_monthly,month,canceled,2024-01-31,2024-02-07,2024-01-31,2024-01-31,2024-02-07,2024-02-07,trial_expired,,2024-01-31T18:24:58
sub_00367,cust_00544,plan_basic_monthly,month,canceled,2025-07-26,2025-08-02,2025-07-26,2025-07-26,2025-08-02,2025-08-02,trial_expired,,2025-07-26T23:27:48
sub_00368,cust_00545,plan_plus_monthly,month,canceled,2024-11-28,2024-12-05,2024-11-28,2024-11-28,2024-12-05,2024-12-05,trial_expired,,2024-11-28T12:27:16
sub_00369,cust_00548,plan_basic_monthly,month,canceled,2024-10-23,2024-10-30,2024-10-23,2024-10-23,2024-10-25,2024-10-25,trial_canceled,,2024-10-23T12:20:56
sub_00370,cust_00549,plan_basic_monthly,month,active,2026-03-21,2026-03-28,2026-03-28,2026-07-28,2026-08-28,,,,2026-03-28T21:34:30
sub_00371,cust_00550,plan_basic_monthly,month,canceled,2025-04-30,2025-05-07,2025-04-30,2025-04-30,2025-05-07,2025-05-07,trial_expired,,2025-04-30T20:34:27
sub_00372,cust_00552,plan_basic_monthly,month,canceled,2025-10-09,2025-10-16,2025-10-09,2025-10-09,2025-10-16,2025-10-16,trial_expired,,2025-10-09T08:09:59
sub_00373,cust_00553,plan_plus_annual,year,canceled,2025-07-14,2025-07-21,2025-07-14,2025-07-14,2025-07-21,2025-07-21,trial_expired,,2025-07-14T23:27:58
sub_00374,cust_00554,plan_basic_annual,year,canceled,2025-05-11,2025-05-18,2025-05-11,2025-05-11,2025-05-18,2025-05-18,trial_expired,,2025-05-11T06:26:13
sub_00375,cust_00555,plan_basic_monthly,month,active,2025-07-06,2025-07-13,2025-07-13,2026-07-13,2026-08-13,,,,2025-07-13T23:47:31
sub_00376,cust_00558,plan_basic_monthly,month,canceled,2024-01-21,2024-01-28,2024-01-21,2024-01-21,2024-01-28,2024-01-28,trial_expired,,2024-01-21T14:43:52
sub_00377,cust_00559,plan_basic_monthly,month,active,2025-04-23,2025-04-30,2025-04-30,2026-07-30,2026-08-30,,,,2025-04-30T00:23:26
sub_00378,cust_00560,plan_basic_annual,year,canceled,2026-05-28,2026-06-04,2026-05-28,2026-05-28,2026-06-04,2026-06-04,trial_expired,,2026-05-28T11:00:30
sub_00379,cust_00561,plan_plus_monthly,month,canceled,2024-09-25,2024-10-02,2024-10-02,2025-01-02,2025-02-02,2025-02-02,voluntary,,2024-10-02T08:43:06
sub_00380,cust_00562,plan_basic_monthly,month,canceled,2024-08-26,2024-09-02,2024-08-26,2024-08-26,2024-09-02,2024-09-02,trial_expired,,2024-08-26T16:20:47
sub_00381,cust_00563,plan_basic_annual,year,canceled,2026-03-13,2026-03-20,2026-03-13,2026-03-13,2026-03-20,2026-03-20,trial_expired,,2026-03-13T23:22:39
sub_00382,cust_00568,plan_plus_monthly,month,canceled,2025-11-26,2025-12-03,2025-11-26,2025-11-26,2025-12-03,2025-12-03,trial_expired,,2025-11-26T22:02:15
sub_00383,cust_00570,plan_basic_monthly,month,canceled,2024-05-09,2024-05-16,2024-05-16,2024-11-16,2024-12-16,2024-12-16,voluntary,,2024-05-16T17:59:09
sub_00384,cust_00571,plan_basic_monthly,month,canceled,2025-01-21,2025-01-28,2025-01-21,2025-01-21,2025-01-27,2025-01-27,trial_canceled,,2025-01-21T04:00:10
sub_00385,cust_00572,plan_plus_monthly,month,canceled,2025-09-01,2025-09-08,2025-09-08,2025-10-08,2025-11-08,2025-11-08,voluntary,,2025-09-08T23:00:38
sub_00386,cust_00572,plan_basic_monthly,month,active,,,2026-05-24,2026-07-24,2026-08-24,,,,2026-05-24T13:55:23
sub_00387,cust_00575,plan_basic_monthly,month,active,2026-01-10,2026-01-17,2026-01-17,2026-07-17,2026-08-17,,,,2026-01-17T16:42:01
sub_00388,cust_00582,plan_plus_annual,year,canceled,2023-09-19,2023-09-26,2023-09-19,2023-09-19,2023-09-26,2023-09-26,trial_expired,,2023-09-19T12:33:45
sub_00389,cust_00583,plan_plus_monthly,month,active,2024-09-12,2024-09-19,2024-09-19,2026-07-19,2026-08-19,,,,2024-09-19T13:51:29
sub_00390,cust_00584,plan_basic_monthly,month,canceled,2025-03-10,2025-03-17,2025-03-17,2025-03-17,2025-04-17,2025-04-17,voluntary,,2025-03-17T05:14:49
sub_00391,cust_00585,plan_basic_monthly,month,canceled,2026-04-18,2026-04-25,2026-04-18,2026-04-18,2026-04-25,2026-04-25,trial_expired,,2026-04-18T15:11:43
sub_00392,cust_00586,plan_basic_monthly,month,canceled,2024-08-28,2024-09-04,2024-08-28,2024-08-28,2024-09-04,2024-09-04,trial_expired,,2024-08-28T13:38:19
sub_00393,cust_00587,plan_basic_annual,year,canceled,2024-11-08,2024-11-15,2024-11-08,2024-11-08,2024-11-15,2024-11-15,trial_expired,,2024-11-08T17:26:13
sub_00394,cust_00588,plan_plus_monthly,month,canceled,2026-01-07,2026-01-14,2026-01-07,2026-01-07,2026-01-14,2026-01-14,trial_expired,,2026-01-07T22:09:06
sub_00395,cust_00589,plan_plus_annual,year,canceled,2026-03-04,2026-03-11,2026-03-04,2026-03-04,2026-03-11,2026-03-11,trial_expired,,2026-03-04T17:59:15
sub_00396,cust_00590,plan_plus_monthly,month,active,2025-11-27,2025-12-04,2025-12-04,2026-07-04,2026-08-04,,,,2025-12-04T22:17:06
sub_00397,cust_00592,plan_plus_monthly,month,canceled,2024-06-06,2024-06-13,2024-06-13,2024-07-13,2024-08-13,2024-08-13,voluntary,,2024-06-13T12:24:03
sub_00398,cust_00594,plan_basic_monthly,month,canceled,2025-02-28,2025-03-07,2025-02-28,2025-02-28,2025-03-07,2025-03-07,trial_expired,,2025-02-28T16:53:38
sub_00399,cust_00595,plan_basic_monthly,month,canceled,2024-07-13,2024-07-20,2024-07-13,2024-07-13,2024-07-20,2024-07-20,trial_expired,,2024-07-13T21:42:47
sub_00400,cust_00596,plan_basic_monthly,month,canceled,2025-05-28,2025-06-04,2025-05-28,2025-05-28,2025-06-02,2025-06-02,trial_canceled,,2025-05-28T12:48:37
sub_00401,cust_00597,plan_plus_monthly,month,active,2026-05-28,2026-06-04,2026-06-04,2026-07-04,2026-08-04,,,,2026-06-04T02:58:01
sub_00402,cust_00598,plan_basic_monthly,month,canceled,2023-08-14,2023-08-21,2023-08-14,2023-08-14,2023-08-21,2023-08-21,trial_expired,,2023-08-14T01:52:11
sub_00403,cust_00599,plan_basic_monthly,month,canceled,2025-05-10,2025-05-17,2025-05-10,2025-05-10,2025-05-17,2025-05-17,trial_expired,,2025-05-10T21:01:12
sub_00404,cust_00600,plan_basic_monthly,month,canceled,2024-02-06,2024-02-13,2024-02-13,2024-02-13,2024-03-13,2024-03-13,voluntary,,2024-02-13T06:14:48
sub_00405,cust_00602,plan_plus_monthly,month,canceled,2025-08-18,2025-08-25,2025-08-18,2025-08-18,2025-08-25,2025-08-25,trial_expired,,2025-08-18T12:57:29
sub_00406,cust_00603,plan_plus_monthly,month,canceled,2024-12-04,2024-12-11,2024-12-11,2025-02-11,2025-03-11,2025-03-11,involuntary,,2024-12-11T08:23:45
sub_00407,cust_00603,plan_plus_monthly,month,active,,,2026-05-11,2026-07-11,2026-08-11,,,,2026-05-11T13:07:32
sub_00408,cust_00604,plan_basic_monthly,month,canceled,2026-05-27,2026-06-03,2026-05-27,2026-05-27,2026-05-28,2026-05-28,trial_canceled,,2026-05-27T10:17:41
sub_00409,cust_00606,plan_plus_monthly,month,canceled,2024-01-30,2024-02-06,2024-01-30,2024-01-30,2024-02-06,2024-02-06,trial_expired,,2024-01-30T00:18:39
sub_00410,cust_00608,plan_basic_annual,year,canceled,2026-02-24,2026-03-03,2026-02-24,2026-02-24,2026-03-03,2026-03-03,trial_expired,,2026-02-24T08:45:30
sub_00411,cust_00609,plan_basic_monthly,month,canceled,2024-09-10,2024-09-17,2024-09-10,2024-09-10,2024-09-17,2024-09-17,trial_expired,,2024-09-10T09:52:10
sub_00412,cust_00610,plan_basic_monthly,month,canceled,2026-05-23,2026-05-30,2026-05-23,2026-05-23,2026-05-30,2026-05-30,trial_expired,,2026-05-23T02:13:19
sub_00413,cust_00611,plan_plus_monthly,month,active,2023-12-26,2024-01-02,2024-01-02,2026-07-02,2026-08-02,,,,2024-01-02T00:33:41
sub_00414,cust_00612,plan_basic_annual,year,canceled,2024-12-22,2024-12-29,2024-12-22,2024-12-22,2024-12-26,2024-12-26,trial_canceled,,2024-12-22T16:28:26
sub_00415,cust_00613,plan_basic_monthly,month,canceled,2024-07-24,2024-07-31,2024-07-24,2024-07-24,2024-07-31,2024-07-31,trial_expired,,2024-07-24T22:39:39
sub_00416,cust_00615,plan_basic_annual,year,canceled,2024-04-12,2024-04-19,2024-04-12,2024-04-12,2024-04-19,2024-04-19,trial_expired,,2024-04-12T13:48:01
sub_00417,cust_00617,plan_basic_monthly,month,canceled,2023-08-29,2023-09-05,2023-08-29,2023-08-29,2023-09-05,2023-09-05,trial_expired,,2023-08-29T12:37:04
sub_00418,cust_00618,plan_basic_monthly,month,canceled,2025-08-17,2025-08-24,2025-08-17,2025-08-17,2025-08-24,2025-08-24,trial_expired,,2025-08-17T01:40:11
sub_00419,cust_00619,plan_basic_annual,year,trialing,2026-07-30,2026-08-06,2026-07-30,2026-07-30,2026-08-06,,,,2026-07-30T02:03:39
sub_00420,cust_00621,plan_plus_annual,year,canceled,2025-01-10,2025-01-17,2025-01-10,2025-01-10,2025-01-17,2025-01-17,trial_expired,,2025-01-10T22:43:55
sub_00421,cust_00622,plan_plus_monthly,month,canceled,2023-09-16,2023-09-23,2023-09-23,2023-09-23,2023-10-23,2023-10-23,voluntary,,2023-09-23T18:21:11
sub_00422,cust_00622,plan_basic_monthly,month,canceled,,,2024-03-25,2024-03-25,2024-04-25,2024-04-25,voluntary,,2024-03-25T16:04:54
sub_00423,cust_00624,plan_basic_annual,year,canceled,2026-04-16,2026-04-23,2026-04-16,2026-04-16,2026-04-23,2026-04-23,trial_expired,,2026-04-16T17:45:57
sub_00424,cust_00626,plan_plus_monthly,month,canceled,2024-08-02,2024-08-09,2024-08-02,2024-08-02,2024-08-09,2024-08-09,trial_expired,,2024-08-02T06:10:57
sub_00425,cust_00627,plan_basic_monthly,month,canceled,2025-01-09,2025-01-16,2025-01-16,2025-02-16,2025-03-16,2025-03-16,voluntary,,2025-01-16T12:38:43
sub_00426,cust_00628,plan_basic_annual,year,canceled,2025-02-22,2025-03-01,2025-03-01,2025-03-01,2025-12-01,2025-12-01,voluntary,,2025-03-01T09:33:29
sub_00427,cust_00629,plan_basic_annual,year,canceled,2025-09-21,2025-09-28,2025-09-21,2025-09-21,2025-09-28,2025-09-28,trial_expired,,2025-09-21T14:59:56
sub_00428,cust_00631,plan_basic_monthly,month,canceled,2026-05-17,2026-05-24,2026-05-17,2026-05-17,2026-05-24,2026-05-24,trial_expired,,2026-05-17T07:18:35
sub_00429,cust_00632,plan_basic_monthly,month,active,2024-01-20,2024-01-27,2024-01-27,2026-07-27,2026-08-27,,,,2024-01-27T13:06:51
sub_00430,cust_00633,plan_basic_monthly,month,canceled,2025-12-03,2025-12-10,2025-12-03,2025-12-03,2025-12-05,2025-12-05,trial_canceled,,2025-12-03T04:31:39
sub_00431,cust_00634,plan_basic_monthly,month,canceled,2023-09-21,2023-09-28,2023-09-28,2023-09-28,2023-10-28,2023-10-28,voluntary,,2023-09-28T22:46:38
sub_00432,cust_00635,plan_basic_monthly,month,canceled,2025-01-25,2025-02-01,2025-01-25,2025-01-25,2025-02-01,2025-02-01,trial_expired,,2025-01-25T18:00:03
sub_00433,cust_00636,plan_basic_monthly,month,active,2026-05-21,2026-05-28,2026-05-28,2026-07-28,2026-08-28,,,,2026-05-28T01:30:41
sub_00434,cust_00637,plan_plus_monthly,month,canceled,2024-03-06,2024-03-13,2024-03-13,2024-03-13,2024-04-13,2024-04-13,involuntary,,2024-03-13T11:28:23
sub_00435,cust_00637,plan_basic_monthly,month,active,,,2026-03-16,2026-07-16,2026-08-16,,,,2026-03-16T23:30:32
sub_00436,cust_00639,plan_plus_monthly,month,active,2025-03-30,2025-04-06,2025-04-06,2026-07-06,2026-08-06,,,,2025-04-06T04:37:30
sub_00437,cust_00643,plan_basic_annual,year,canceled,2024-01-29,2024-02-05,2024-01-29,2024-01-29,2024-02-05,2024-02-05,trial_expired,,2024-01-29T18:25:34
sub_00438,cust_00644,plan_basic_annual,year,active,2025-01-27,2025-02-03,2025-02-03,2026-02-03,2027-02-03,,,,2025-02-03T19:50:22
sub_00439,cust_00645,plan_basic_annual,year,canceled,2025-06-13,2025-06-20,2025-06-20,2025-06-20,2025-10-20,2025-10-20,voluntary,,2025-06-20T20:06:53
sub_00440,cust_00646,plan_plus_monthly,month,canceled,2024-11-24,2024-12-01,2024-11-24,2024-11-24,2024-11-27,2024-11-27,trial_canceled,,2024-11-24T00:45:28
sub_00441,cust_00649,plan_basic_monthly,month,canceled,2026-05-02,2026-05-09,2026-05-09,2026-05-09,2026-06-09,2026-06-09,voluntary,,2026-05-09T01:21:13
sub_00442,cust_00650,plan_basic_monthly,month,canceled,2024-11-02,2024-11-09,2024-11-02,2024-11-02,2024-11-09,2024-11-09,trial_expired,,2024-11-02T22:37:01
sub_00443,cust_00652,plan_basic_monthly,month,canceled,2026-02-14,2026-02-21,2026-02-14,2026-02-14,2026-02-17,2026-02-17,trial_canceled,,2026-02-14T20:53:29
sub_00444,cust_00653,plan_basic_monthly,month,canceled,2025-06-25,2025-07-02,2025-06-25,2025-06-25,2025-07-02,2025-07-02,trial_expired,,2025-06-25T06:50:09
sub_00445,cust_00654,plan_basic_monthly,month,canceled,2025-02-03,2025-02-10,2025-02-03,2025-02-03,2025-02-06,2025-02-06,trial_canceled,,2025-02-03T16:08:02
sub_00446,cust_00655,plan_basic_monthly,month,canceled,2024-01-23,2024-01-30,2024-01-23,2024-01-23,2024-01-28,2024-01-28,trial_canceled,,2024-01-23T21:51:30
sub_00447,cust_00657,plan_basic_monthly,month,canceled,2025-06-29,2025-07-06,2025-06-29,2025-06-29,2025-07-02,2025-07-02,trial_canceled,,2025-06-29T05:00:20
sub_00448,cust_00659,plan_plus_monthly,month,past_due,2024-06-20,2024-06-27,2024-06-27,2026-07-27,2026-08-27,,,2026-07-29,2024-06-27T16:31:05
sub_00449,cust_00660,plan_plus_annual,year,canceled,2026-04-20,2026-04-27,2026-04-20,2026-04-20,2026-04-24,2026-04-24,trial_canceled,,2026-04-20T04:19:36
sub_00450,cust_00661,plan_basic_monthly,month,canceled,2023-10-12,2023-10-19,2023-10-12,2023-10-12,2023-10-19,2023-10-19,trial_expired,,2023-10-12T04:32:16
sub_00451,cust_00662,plan_basic_annual,year,canceled,2023-12-29,2024-01-05,2023-12-29,2023-12-29,2024-01-05,2024-01-05,trial_expired,,2023-12-29T09:53:06
sub_00452,cust_00663,plan_basic_monthly,month,canceled,2024-03-08,2024-03-15,2024-03-08,2024-03-08,2024-03-10,2024-03-10,trial_canceled,,2024-03-08T01:14:45
sub_00453,cust_00666,plan_basic_monthly,month,canceled,2024-05-23,2024-05-30,2024-05-23,2024-05-23,2024-05-30,2024-05-30,trial_expired,,2024-05-23T11:39:44
sub_00454,cust_00668,plan_plus_annual,year,canceled,2024-01-01,2024-01-08,2024-01-01,2024-01-01,2024-01-08,2024-01-08,trial_expired,,2024-01-01T15:14:50
sub_00455,cust_00671,plan_basic_monthly,month,canceled,2024-12-27,2025-01-03,2024-12-27,2024-12-27,2024-12-28,2024-12-28,trial_canceled,,2024-12-27T15:32:30
sub_00456,cust_00672,plan_basic_monthly,month,canceled,2026-06-02,2026-06-09,2026-06-02,2026-06-02,2026-06-09,2026-06-09,trial_expired,,2026-06-02T21:45:41
sub_00457,cust_00674,plan_basic_monthly,month,canceled,2025-11-16,2025-11-23,2025-11-16,2025-11-16,2025-11-18,2025-11-18,trial_canceled,,2025-11-16T09:28:08
sub_00458,cust_00676,plan_basic_monthly,month,canceled,2025-07-17,2025-07-24,2025-07-17,2025-07-17,2025-07-18,2025-07-18,trial_canceled,,2025-07-17T15:15:50
sub_00459,cust_00678,plan_basic_monthly,month,canceled,2026-05-17,2026-05-24,2026-05-17,2026-05-17,2026-05-22,2026-05-22,trial_canceled,,2026-05-17T18:08:55
sub_00460,cust_00679,plan_basic_monthly,month,active,2026-04-06,2026-04-13,2026-04-13,2026-07-13,2026-08-13,,,,2026-04-13T19:12:49
sub_00461,cust_00680,plan_basic_annual,year,canceled,2025-01-14,2025-01-21,2025-01-21,2025-01-21,2025-04-21,2025-04-21,voluntary,,2025-01-21T03:34:01
sub_00462,cust_00681,plan_basic_monthly,month,active,2025-01-02,2025-01-09,2025-01-09,2026-07-09,2026-08-09,,,,2025-01-09T07:54:49
sub_00463,cust_00682,plan_basic_monthly,month,canceled,2025-11-26,2025-12-03,2025-12-03,2026-02-03,2026-03-03,2026-03-03,voluntary,,2025-12-03T01:50:03
sub_00464,cust_00682,plan_basic_annual,year,active,,,2026-07-14,2026-07-14,2027-07-14,,,,2026-07-14T15:08:50
sub_00465,cust_00683,plan_basic_monthly,month,canceled,2025-07-21,2025-07-28,2025-07-21,2025-07-21,2025-07-28,2025-07-28,trial_expired,,2025-07-21T01:27:42
sub_00466,cust_00684,plan_basic_monthly,month,canceled,2025-06-30,2025-07-07,2025-07-07,2025-07-07,2025-08-07,2025-08-07,voluntary,,2025-07-07T23:06:33
sub_00467,cust_00685,plan_basic_monthly,month,active,2024-11-22,2024-11-29,2024-11-29,2026-07-29,2026-08-29,,,,2024-11-29T02:29:16
sub_00468,cust_00686,plan_basic_annual,year,canceled,2023-08-26,2023-09-02,2023-09-02,2023-09-02,2023-11-02,2023-11-02,voluntary,,2023-09-02T00:11:40
sub_00469,cust_00687,plan_basic_monthly,month,canceled,2025-12-03,2025-12-10,2025-12-03,2025-12-03,2025-12-10,2025-12-10,trial_expired,,2025-12-03T22:46:57
sub_00470,cust_00688,plan_basic_monthly,month,canceled,2024-09-03,2024-09-10,2024-09-03,2024-09-03,2024-09-10,2024-09-10,trial_expired,,2024-09-03T20:42:24
sub_00471,cust_00692,plan_basic_annual,year,canceled,2026-01-13,2026-01-20,2026-01-20,2026-01-20,2026-06-20,2026-06-20,voluntary,,2026-01-20T20:47:32
sub_00472,cust_00693,plan_basic_monthly,month,canceled,2026-05-14,2026-05-21,2026-05-14,2026-05-14,2026-05-21,2026-05-21,trial_expired,,2026-05-14T09:36:15
sub_00473,cust_00699,plan_basic_monthly,month,canceled,2025-04-30,2025-05-07,2025-05-07,2025-05-07,2025-06-07,2025-06-07,voluntary,,2025-05-07T21:58:08
sub_00474,cust_00700,plan_basic_monthly,month,canceled,2025-01-30,2025-02-06,2025-01-30,2025-01-30,2025-02-06,2025-02-06,trial_expired,,2025-01-30T20:57:00
sub_00475,cust_00701,plan_basic_monthly,month,canceled,2025-02-21,2025-02-28,2025-02-28,2025-02-28,2025-03-28,2025-03-28,involuntary,,2025-02-28T19:28:22
sub_00476,cust_00702,plan_basic_monthly,month,canceled,2025-11-07,2025-11-14,2025-11-07,2025-11-07,2025-11-14,2025-11-14,trial_expired,,2025-11-07T22:48:25
sub_00477,cust_00703,plan_basic_monthly,month,canceled,2026-02-26,2026-03-05,2026-03-05,2026-03-05,2026-04-05,2026-04-05,voluntary,,2026-03-05T01:40:09
sub_00478,cust_00704,plan_basic_monthly,month,active,2024-12-18,2024-12-25,2024-12-25,2026-07-25,2026-08-25,,,,2024-12-25T20:18:20
sub_00479,cust_00709,plan_plus_monthly,month,canceled,2025-01-27,2025-02-03,2025-01-27,2025-01-27,2025-02-03,2025-02-03,trial_expired,,2025-01-27T04:05:46
sub_00480,cust_00711,plan_basic_annual,year,canceled,2026-04-25,2026-05-02,2026-04-25,2026-04-25,2026-05-02,2026-05-02,trial_expired,,2026-04-25T05:48:05
sub_00481,cust_00712,plan_basic_monthly,month,active,2025-08-25,2025-09-01,2025-09-01,2026-07-01,2026-08-01,,,,2025-09-01T14:31:14
sub_00482,cust_00713,plan_basic_monthly,month,canceled,2025-11-15,2025-11-22,2025-11-15,2025-11-15,2025-11-22,2025-11-22,trial_expired,,2025-11-15T09:18:01
sub_00483,cust_00715,plan_plus_annual,year,canceled,2025-08-10,2025-08-17,2025-08-10,2025-08-10,2025-08-17,2025-08-17,trial_expired,,2025-08-10T08:58:58
sub_00484,cust_00718,plan_basic_annual,year,canceled,2025-09-28,2025-10-05,2025-09-28,2025-09-28,2025-09-29,2025-09-29,trial_canceled,,2025-09-28T02:53:19
sub_00485,cust_00720,plan_basic_monthly,month,canceled,2024-03-25,2024-04-01,2024-03-25,2024-03-25,2024-04-01,2024-04-01,trial_expired,,2024-03-25T15:25:30
sub_00486,cust_00723,plan_basic_monthly,month,canceled,2025-11-27,2025-12-04,2025-11-27,2025-11-27,2025-12-03,2025-12-03,trial_canceled,,2025-11-27T19:21:15
sub_00487,cust_00724,plan_plus_monthly,month,active,2024-05-19,2024-05-26,2024-05-26,2026-07-26,2026-08-26,,,,2024-05-26T02:16:28
sub_00488,cust_00725,plan_basic_monthly,month,canceled,2024-02-13,2024-02-20,2024-02-13,2024-02-13,2024-02-16,2024-02-16,trial_canceled,,2024-02-13T04:03:39
sub_00489,cust_00726,plan_basic_annual,year,active,2026-03-18,2026-03-25,2026-03-25,2026-03-25,2027-03-25,,,,2026-03-25T20:16:28
sub_00490,cust_00729,plan_plus_monthly,month,active,2026-02-12,2026-02-19,2026-02-19,2026-07-19,2026-08-19,,,,2026-02-19T08:29:24
sub_00491,cust_00730,plan_basic_annual,year,canceled,2023-09-14,2023-09-21,2023-09-14,2023-09-14,2023-09-21,2023-09-21,trial_expired,,2023-09-14T07:18:51
sub_00492,cust_00731,plan_plus_monthly,month,canceled,2025-11-23,2025-11-30,2025-11-23,2025-11-23,2025-11-24,2025-11-24,trial_canceled,,2025-11-23T03:16:11
sub_00493,cust_00732,plan_basic_monthly,month,active,2025-05-06,2025-05-13,2025-05-13,2026-07-13,2026-08-13,,,,2025-05-13T20:57:24
sub_00494,cust_00734,plan_basic_monthly,month,active,2026-05-06,2026-05-13,2026-05-13,2026-07-13,2026-08-13,,,,2026-05-13T17:52:14
sub_00495,cust_00737,plan_basic_monthly,month,canceled,2024-07-21,2024-07-28,2024-07-21,2024-07-21,2024-07-28,2024-07-28,trial_expired,,2024-07-21T12:04:20
sub_00496,cust_00738,plan_basic_monthly,month,canceled,2025-02-10,2025-02-17,2025-02-10,2025-02-10,2025-02-17,2025-02-17,trial_expired,,2025-02-10T08:45:26
sub_00497,cust_00740,plan_plus_monthly,month,canceled,2024-12-21,2024-12-28,2024-12-21,2024-12-21,2024-12-28,2024-12-28,trial_expired,,2024-12-21T14:03:10
sub_00498,cust_00741,plan_basic_annual,year,canceled,2026-02-06,2026-02-13,2026-02-06,2026-02-06,2026-02-08,2026-02-08,trial_canceled,,2026-02-06T03:47:32
sub_00499,cust_00744,plan_basic_monthly,month,canceled,2024-09-26,2024-10-03,2024-09-26,2024-09-26,2024-09-27,2024-09-27,trial_canceled,,2024-09-26T12:58:42
sub_00500,cust_00745,plan_basic_monthly,month,canceled,2024-10-02,2024-10-09,2024-10-02,2024-10-02,2024-10-09,2024-10-09,trial_expired,,2024-10-02T13:50:04
sub_00501,cust_00746,plan_basic_monthly,month,canceled,2023-12-29,2024-01-05,2023-12-29,2023-12-29,2024-01-02,2024-01-02,trial_canceled,,2023-12-29T17:20:52
sub_00502,cust_00749,plan_plus_annual,year,active,2025-11-12,2025-11-19,2025-11-19,2025-11-19,2026-11-19,,,,2025-11-19T02:08:23
sub_00503,cust_00750,plan_basic_annual,year,canceled,2026-01-01,2026-01-08,2026-01-01,2026-01-01,2026-01-08,2026-01-08,trial_expired,,2026-01-01T17:30:04
sub_00504,cust_00753,plan_basic_monthly,month,canceled,2025-07-22,2025-07-29,2025-07-22,2025-07-22,2025-07-29,2025-07-29,trial_expired,,2025-07-22T16:45:43
sub_00505,cust_00756,plan_basic_monthly,month,active,2026-02-21,2026-02-28,2026-02-28,2026-07-28,2026-08-28,,,,2026-02-28T16:05:04
sub_00506,cust_00757,plan_plus_monthly,month,canceled,2025-09-30,2025-10-07,2025-09-30,2025-09-30,2025-10-03,2025-10-03,trial_canceled,,2025-09-30T01:53:31
sub_00507,cust_00758,plan_basic_monthly,month,canceled,2026-05-05,2026-05-12,2026-05-05,2026-05-05,2026-05-12,2026-05-12,trial_expired,,2026-05-05T19:27:20
sub_00508,cust_00761,plan_plus_monthly,month,canceled,2026-01-04,2026-01-11,2026-01-04,2026-01-04,2026-01-10,2026-01-10,trial_canceled,,2026-01-04T20:40:22
sub_00509,cust_00762,plan_basic_monthly,month,canceled,2023-10-24,2023-10-31,2023-10-24,2023-10-24,2023-10-31,2023-10-31,trial_expired,,2023-10-24T03:13:45
sub_00510,cust_00763,plan_plus_monthly,month,canceled,2025-04-12,2025-04-19,2025-04-12,2025-04-12,2025-04-19,2025-04-19,trial_expired,,2025-04-12T16:47:59
sub_00511,cust_00765,plan_basic_monthly,month,active,2024-12-07,2024-12-14,2024-12-14,2026-07-14,2026-08-14,,,,2024-12-14T04:01:28
sub_00512,cust_00768,plan_plus_monthly,month,canceled,2024-04-26,2024-05-03,2024-05-03,2024-05-03,2024-06-03,2024-06-03,voluntary,,2024-05-03T01:32:38
sub_00513,cust_00769,plan_basic_monthly,month,canceled,2024-11-09,2024-11-16,2024-11-16,2024-12-16,2025-01-16,2025-01-16,involuntary,,2024-11-16T09:55:11
sub_00514,cust_00770,plan_basic_annual,year,canceled,2026-01-24,2026-01-31,2026-01-24,2026-01-24,2026-01-31,2026-01-31,trial_expired,,2026-01-24T21:09:42
sub_00515,cust_00771,plan_basic_monthly,month,canceled,2024-12-08,2024-12-15,2024-12-08,2024-12-08,2024-12-15,2024-12-15,trial_expired,,2024-12-08T13:09:15
sub_00516,cust_00773,plan_basic_annual,year,canceled,2026-01-12,2026-01-19,2026-01-12,2026-01-12,2026-01-19,2026-01-19,trial_expired,,2026-01-12T04:11:38
sub_00517,cust_00774,plan_basic_monthly,month,canceled,2026-06-15,2026-06-22,2026-06-15,2026-06-15,2026-06-22,2026-06-22,trial_expired,,2026-06-15T21:25:56
sub_00518,cust_00775,plan_basic_annual,year,canceled,2025-08-15,2025-08-22,2025-08-15,2025-08-15,2025-08-22,2025-08-22,trial_expired,,2025-08-15T14:26:15
sub_00519,cust_00776,plan_basic_monthly,month,canceled,2025-12-19,2025-12-26,2025-12-19,2025-12-19,2025-12-26,2025-12-26,trial_expired,,2025-12-19T03:00:05
sub_00520,cust_00777,plan_basic_monthly,month,canceled,2024-02-25,2024-03-03,2024-02-25,2024-02-25,2024-03-02,2024-03-02,trial_canceled,,2024-02-25T23:06:31
sub_00521,cust_00778,plan_basic_monthly,month,canceled,2025-02-12,2025-02-19,2025-02-19,2025-08-19,2025-09-19,2025-09-19,involuntary,,2025-02-19T04:18:40
sub_00522,cust_00778,plan_basic_monthly,month,canceled,,,2026-01-03,2026-01-03,2026-02-03,2026-02-03,voluntary,,2026-01-03T02:19:24
sub_00523,cust_00779,plan_basic_monthly,month,canceled,2023-08-18,2023-08-25,2023-08-18,2023-08-18,2023-08-25,2023-08-25,trial_expired,,2023-08-18T18:09:40
sub_00524,cust_00780,plan_basic_monthly,month,canceled,2026-02-27,2026-03-06,2026-02-27,2026-02-27,2026-03-06,2026-03-06,trial_expired,,2026-02-27T07:57:46
sub_00525,cust_00781,plan_plus_monthly,month,canceled,2024-12-10,2024-12-17,2024-12-10,2024-12-10,2024-12-17,2024-12-17,trial_expired,,2024-12-10T13:29:21
sub_00526,cust_00783,plan_plus_monthly,month,canceled,2025-05-06,2025-05-13,2025-05-06,2025-05-06,2025-05-13,2025-05-13,trial_expired,,2025-05-06T12:42:02
sub_00527,cust_00785,plan_basic_monthly,month,active,2025-12-17,2025-12-24,2025-12-24,2026-07-24,2026-08-24,,,,2025-12-24T14:12:37
sub_00528,cust_00786,plan_basic_monthly,month,canceled,2025-02-25,2025-03-04,2025-02-25,2025-02-25,2025-03-04,2025-03-04,trial_expired,,2025-02-25T01:57:02
sub_00529,cust_00788,plan_basic_monthly,month,canceled,2024-04-24,2024-05-01,2024-04-24,2024-04-24,2024-05-01,2024-05-01,trial_expired,,2024-04-24T02:08:29
sub_00530,cust_00790,plan_plus_annual,year,active,2026-01-30,2026-02-06,2026-02-06,2026-02-06,2027-02-06,,,,2026-02-06T09:38:54
sub_00531,cust_00793,plan_plus_monthly,month,canceled,2024-01-17,2024-01-24,2024-01-17,2024-01-17,2024-01-24,2024-01-24,trial_expired,,2024-01-17T19:38:06
sub_00532,cust_00794,plan_basic_monthly,month,canceled,2024-12-06,2024-12-13,2024-12-06,2024-12-06,2024-12-13,2024-12-13,trial_expired,,2024-12-06T04:51:27
sub_00533,cust_00795,plan_basic_monthly,month,canceled,2025-01-12,2025-01-19,2025-01-19,2025-07-19,2025-08-19,2025-08-19,involuntary,,2025-01-19T18:42:55
sub_00534,cust_00796,plan_basic_monthly,month,canceled,2024-09-16,2024-09-23,2024-09-16,2024-09-16,2024-09-23,2024-09-23,trial_expired,,2024-09-16T09:58:18
sub_00535,cust_00797,plan_basic_monthly,month,active,2026-02-09,2026-02-16,2026-02-16,2026-07-16,2026-08-16,,,,2026-02-16T12:44:42
sub_00536,cust_00799,plan_basic_monthly,month,canceled,2025-02-06,2025-02-13,2025-02-13,2025-07-13,2025-08-13,2025-08-13,voluntary,,2025-02-13T15:58:33
sub_00537,cust_00799,plan_basic_monthly,month,active,,,2026-05-14,2026-07-14,2026-08-14,,,,2026-05-14T18:58:53
sub_00538,cust_00801,plan_basic_monthly,month,canceled,2025-06-20,2025-06-27,2025-06-20,2025-06-20,2025-06-27,2025-06-27,trial_expired,,2025-06-20T22:00:13
sub_00539,cust_00803,plan_plus_monthly,month,active,2024-09-10,2024-09-17,2024-09-17,2026-07-17,2026-08-17,,,,2024-09-17T17:49:26
sub_00540,cust_00805,plan_basic_monthly,month,active,2025-04-24,2025-05-01,2025-05-01,2026-07-01,2026-08-01,,,,2025-05-01T03:43:06
sub_00541,cust_00807,plan_basic_monthly,month,canceled,2026-05-01,2026-05-08,2026-05-01,2026-05-01,2026-05-08,2026-05-08,trial_expired,,2026-05-01T05:22:08
sub_00542,cust_00808,plan_basic_monthly,month,canceled,2024-02-09,2024-02-16,2024-02-09,2024-02-09,2024-02-16,2024-02-16,trial_expired,,2024-02-09T20:06:53
sub_00543,cust_00809,plan_basic_monthly,month,canceled,2024-10-23,2024-10-30,2024-10-23,2024-10-23,2024-10-30,2024-10-30,trial_expired,,2024-10-23T19:51:00
sub_00544,cust_00810,plan_plus_annual,year,canceled,2025-09-05,2025-09-12,2025-09-05,2025-09-05,2025-09-12,2025-09-12,trial_expired,,2025-09-05T17:08:14
sub_00545,cust_00811,plan_basic_monthly,month,canceled,2025-07-29,2025-08-05,2025-07-29,2025-07-29,2025-08-05,2025-08-05,trial_expired,,2025-07-29T03:37:23
sub_00546,cust_00812,plan_basic_monthly,month,canceled,2025-09-27,2025-10-04,2025-09-27,2025-09-27,2025-10-04,2025-10-04,trial_expired,,2025-09-27T12:00:25
sub_00547,cust_00813,plan_plus_annual,year,active,2023-11-15,2023-11-22,2023-11-22,2025-11-22,2026-11-22,,,,2023-11-22T23:19:25
sub_00548,cust_00815,plan_basic_annual,year,canceled,2025-12-19,2025-12-26,2025-12-19,2025-12-19,2025-12-26,2025-12-26,trial_expired,,2025-12-19T02:52:26
sub_00549,cust_00816,plan_basic_monthly,month,canceled,2025-12-23,2025-12-30,2025-12-30,2026-04-30,2026-05-30,2026-05-30,voluntary,,2025-12-30T04:46:42
sub_00550,cust_00817,plan_basic_monthly,month,canceled,2025-09-30,2025-10-07,2025-10-07,2025-11-07,2025-12-07,2025-12-07,voluntary,,2025-10-07T02:41:36
sub_00551,cust_00820,plan_basic_monthly,month,canceled,2023-09-19,2023-09-26,2023-09-19,2023-09-19,2023-09-26,2023-09-26,trial_expired,,2023-09-19T01:05:53
sub_00552,cust_00823,plan_basic_monthly,month,canceled,2025-02-16,2025-02-23,2025-02-23,2025-02-23,2025-03-23,2025-03-23,voluntary,,2025-02-23T22:34:16
sub_00553,cust_00826,plan_basic_monthly,month,active,2024-10-20,2024-10-27,2024-10-27,2026-07-27,2026-08-27,,,,2024-10-27T13:17:20
sub_00554,cust_00828,plan_basic_monthly,month,active,2026-04-04,2026-04-11,2026-04-11,2026-07-11,2026-08-11,,,,2026-04-11T14:33:52
sub_00555,cust_00829,plan_basic_monthly,month,canceled,2023-12-12,2023-12-19,2023-12-12,2023-12-12,2023-12-19,2023-12-19,trial_expired,,2023-12-12T00:37:44
sub_00556,cust_00830,plan_plus_monthly,month,canceled,2023-10-19,2023-10-26,2023-10-19,2023-10-19,2023-10-26,2023-10-26,trial_expired,,2023-10-19T09:32:19
sub_00557,cust_00832,plan_plus_annual,year,canceled,2026-07-14,2026-07-21,2026-07-14,2026-07-14,2026-07-18,2026-07-18,trial_canceled,,2026-07-14T21:40:26
sub_00558,cust_00834,plan_basic_monthly,month,canceled,2026-05-03,2026-05-10,2026-05-10,2026-05-10,2026-06-10,2026-06-10,voluntary,,2026-05-10T14:27:07
sub_00559,cust_00836,plan_basic_monthly,month,canceled,2024-07-11,2024-07-18,2024-07-11,2024-07-11,2024-07-18,2024-07-18,trial_expired,,2024-07-11T10:35:20
sub_00560,cust_00837,plan_basic_annual,year,canceled,2025-01-04,2025-01-11,2025-01-04,2025-01-04,2025-01-11,2025-01-11,trial_expired,,2025-01-04T23:08:28
sub_00561,cust_00838,plan_basic_annual,year,canceled,2025-02-08,2025-02-15,2025-02-08,2025-02-08,2025-02-15,2025-02-15,trial_expired,,2025-02-08T04:46:51
sub_00562,cust_00839,plan_plus_monthly,month,active,2025-01-08,2025-01-15,2025-01-15,2026-07-15,2026-08-15,,,,2025-01-15T15:30:20
sub_00563,cust_00842,plan_basic_monthly,month,canceled,2025-10-05,2025-10-12,2025-10-05,2025-10-05,2025-10-12,2025-10-12,trial_expired,,2025-10-05T12:24:45
sub_00564,cust_00845,plan_plus_annual,year,canceled,2023-11-29,2023-12-06,2023-12-06,2023-12-06,2024-02-06,2024-02-06,involuntary,,2023-12-06T15:11:45
sub_00565,cust_00845,plan_plus_annual,year,canceled,,,2025-01-05,2025-01-05,2025-03-05,2025-03-05,involuntary,,2025-01-05T09:39:43
sub_00566,cust_00846,plan_basic_annual,year,canceled,2025-11-24,2025-12-01,2025-11-24,2025-11-24,2025-12-01,2025-12-01,trial_expired,,2025-11-24T10:16:01
sub_00567,cust_00847,plan_basic_annual,year,canceled,2024-08-14,2024-08-21,2024-08-14,2024-08-14,2024-08-21,2024-08-21,trial_expired,,2024-08-14T03:30:19
sub_00568,cust_00848,plan_basic_monthly,month,active,2026-05-09,2026-05-16,2026-05-16,2026-07-16,2026-08-16,,,,2026-05-16T02:53:58
sub_00569,cust_00849,plan_basic_monthly,month,canceled,2025-11-03,2025-11-10,2025-11-03,2025-11-03,2025-11-10,2025-11-10,trial_expired,,2025-11-03T04:05:23
sub_00570,cust_00850,plan_plus_monthly,month,canceled,2023-12-20,2023-12-27,2023-12-20,2023-12-20,2023-12-27,2023-12-27,trial_expired,,2023-12-20T23:11:31
sub_00571,cust_00854,plan_plus_annual,year,canceled,2024-11-05,2024-11-12,2024-11-12,2024-11-12,2024-12-12,2024-12-12,voluntary,,2024-11-12T10:07:53
sub_00572,cust_00855,plan_plus_monthly,month,canceled,2026-02-03,2026-02-10,2026-02-03,2026-02-03,2026-02-10,2026-02-10,trial_expired,,2026-02-03T13:30:19
sub_00573,cust_00856,plan_basic_monthly,month,canceled,2025-01-21,2025-01-28,2025-01-21,2025-01-21,2025-01-28,2025-01-28,trial_expired,,2025-01-21T00:06:53
sub_00574,cust_00857,plan_plus_monthly,month,canceled,2025-10-27,2025-11-03,2025-10-27,2025-10-27,2025-11-03,2025-11-03,trial_expired,,2025-10-27T09:53:45
sub_00575,cust_00858,plan_basic_monthly,month,canceled,2025-10-12,2025-10-19,2025-10-12,2025-10-12,2025-10-19,2025-10-19,trial_expired,,2025-10-12T02:19:44
sub_00576,cust_00860,plan_basic_annual,year,canceled,2024-06-19,2024-06-26,2024-06-19,2024-06-19,2024-06-26,2024-06-26,trial_expired,,2024-06-19T22:10:30
