ad_id,adgroup_id,ad_name,ad_format,status,create_time
1758300000000000001,1758290000000000001,Creative A - Single Video,SINGLE_VIDEO,CAMPAIGN_STATUS_ENABLE,2023-07-30T12:00:00
1758300000000000002,1758290000000000001,Creative B - Spark Ad,SPARK_AD,CAMPAIGN_STATUS_ENABLE,2023-07-30T12:00:00
1758300000000000003,1758290000000000002,Creative A - Collection,COLLECTION,CAMPAIGN_STATUS_ENABLE,2023-07-30T12:00:00
1758300000000000004,1758290000000000003,Creative A - Collection,COLLECTION,CAMPAIGN_STATUS_ENABLE,2023-07-30T12:00:00
1758300000000000005,1758290000000000004,Creative A - Single Video,SINGLE_VIDEO,CAMPAIGN_STATUS_ENABLE,2023-07-30T12:00:00
1758300000000000006,1758290000000000005,Creative A - Collection,COLLECTION,CAMPAIGN_STATUS_ENABLE,2023-07-30T12:00:00
1758300000000000007,1758290000000000005,Creative B - Single Video,SINGLE_VIDEO,CAMPAIGN_STATUS_ENABLE,2023-07-30T12:00:00
1758300000000000008,1758290000000000006,Creative A - Single Video,SINGLE_VIDEO,CAMPAIGN_STATUS_DISABLE,2023-11-08T12:00:00
1758300000000000009,1758290000000000007,Creative A - Single Video,SINGLE_VIDEO,CAMPAIGN_STATUS_DISABLE,2024-11-06T12:00:00
1758300000000000010,1758290000000000008,Creative A - Single Video,SINGLE_VIDEO,CAMPAIGN_STATUS_DISABLE,2025-11-05T12:00:00
