ad_group_id,campaign_id,name,status,targeting_segment_id,created_at
192000000000000001,191000000000000001,Prospecting - 15s Skippable,ENABLED,,2023-07-30T11:00:00
192000000000000002,191000000000000001,Prospecting - 30s Skippable,ENABLED,,2023-07-30T11:00:00
192000000000000003,191000000000000002,Video Action - Website Visitors 30D,ENABLED,seg_012,2023-07-30T11:00:00
192000000000000004,191000000000000002,Video Action - Cart Abandoners,ENABLED,seg_018,2023-07-30T11:00:00
192000000000000005,191000000000000003,TrueView - Similar to Recent Converters,ENABLED,seg_024,2023-07-30T11:00:00
192000000000000006,191000000000000004,Video Action - Core Audience,ENABLED,,2023-07-30T11:00:00
192000000000000007,191000000000000005,Bumper - 2023 Flight,REMOVED,,2023-11-08T11:00:00
192000000000000008,191000000000000006,Bumper - 2024 Flight,REMOVED,,2024-11-06T11:00:00
192000000000000009,191000000000000007,Bumper - 2025 Flight,REMOVED,,2025-11-05T11:00:00
