customer_id,signup_date,signup_source,account_type,trial_outcome,num_subscription_intervals,currently_active_subscriber,current_plan,churn_date,num_orders,lifetime_order_value,engagement_tier,num_reactivations
1,2024-02-03,google_search,course_merch_only,,0,False,,,6,566.97,regular,0
2,2023-09-22,organic_direct,subscriber,converted,1,True,basic,,0,0.0,regular,0
3,2024-09-18,snap,subscriber,converted,1,False,,2026-04-25,4,191.96,casual,0
4,2026-04-16,tiktok,subscriber,canceled_during_trial,0,False,,,1,34.99,regular,0
5,2025-01-12,organic_direct,subscriber,converted,1,False,,2025-05-19,2,84.98,regular,0
6,2024-10-30,google_search,subscriber,converted,2,True,basic,,4,115.96,regular,1
7,2026-03-28,google_search,course_merch_only,,0,False,,,5,178.96,casual,0
8,2024-01-10,meta,course_merch_only,,0,False,,,6,435.98,casual,0
9,2024-06-21,organic_direct,course_merch_only,,0,False,,,8,600.97,casual,0
10,2024-11-26,google_search,course_merch_only,,0,False,,,4,213.97,casual,0
11,2025-03-05,snap,course_merch_only,,0,False,,,4,198.97,regular,0
12,2023-11-03,meta,subscriber,converted,2,False,,2024-07-10,3,174.97,regular,1
13,2024-05-08,youtube,subscriber,expired_passively,0,False,,,4,224.96,regular,0
14,2025-07-15,google_search,subscriber,canceled_during_trial,0,False,,,0,0.0,power,0
15,2025-09-05,meta,course_merch_only,,0,False,,,2,34.98,casual,0
16,2024-09-02,tiktok,course_merch_only,,0,False,,,2,178.0,casual,0
17,2025-11-20,google_search,course_merch_only,,0,False,,,1,9.99,casual,0
18,2024-02-07,google_search,course_merch_only,,0,False,,,2,19.98,casual,0
19,2024-07-13,meta,subscriber,converted,1,False,,2024-08-20,4,154.96,regular,0
20,2023-11-18,tiktok,subscriber,converted,1,False,,2023-12-25,3,241.98,casual,0
21,2024-06-12,organic_direct,subscriber,converted,1,False,,2025-04-19,2,59.98,casual,0
22,2024-10-24,meta,subscriber,converted,1,False,,2024-11-30,2,139.98,casual,0
23,2025-09-26,youtube,course_merch_only,,0,False,,,4,163.97,casual,0
24,2026-01-04,meta,subscriber,converted,1,False,,2026-04-11,0,0.0,casual,0
25,2025-10-24,youtube,subscriber,converted,1,False,,2025-11-30,1,24.99,casual,0
26,2025-11-04,tiktok,subscriber,converted,1,False,,2026-04-11,2,101.98,regular,0
27,2026-01-28,tiktok,course_merch_only,,0,False,,,3,173.98,casual,0
28,2025-02-20,organic_direct,course_merch_only,,0,False,,,3,109.97,casual,0
29,2025-01-07,google_search,subscriber,converted,2,True,basic,,0,0.0,regular,1
30,2026-01-17,google_search,subscriber,converted,1,False,,2026-02-24,2,69.98,casual,0
31,2025-08-23,google_search,subscriber,converted,1,False,,2026-01-30,0,0.0,casual,0
32,2024-12-13,meta,subscriber,expired_passively,0,False,,,4,204.96,regular,0
33,2025-03-19,meta,course_merch_only,,0,False,,,4,242.98,casual,0
34,2023-11-01,meta,subscriber,expired_passively,0,False,,,3,159.97,regular,0
35,2024-07-13,organic_direct,subscriber,converted,1,False,,2024-08-20,4,149.96,casual,0
36,2026-02-03,organic_direct,course_merch_only,,0,False,,,4,202.98,casual,0
37,2023-09-28,dv360,subscriber,expired_passively,0,False,,,3,139.97,regular,0
38,2024-09-21,google_search,subscriber,converted,3,True,basic,,4,149.96,power,2
39,2025-09-30,tiktok,subscriber,expired_passively,0,False,,,0,0.0,regular,0
40,2024-01-31,meta,subscriber,converted,1,False,,2024-03-07,2,124.98,regular,0
41,2024-11-15,tiktok,course_merch_only,,0,False,,,8,228.93,casual,0
42,2025-12-19,tiktok,course_merch_only,,0,False,,,2,99.98,casual,0
43,2026-01-13,tiktok,course_merch_only,,0,False,,,5,178.96,casual,0
44,2024-11-09,google_search,course_merch_only,,0,False,,,4,228.97,casual,0
45,2026-03-30,youtube,subscriber,converted,1,True,basic,,1,27.99,regular,0
46,2024-11-19,meta,course_merch_only,,0,False,,,2,228.0,casual,0
47,2025-01-03,dv360,course_merch_only,,0,False,,,10,660.95,regular,0
48,2025-11-24,meta,course_merch_only,,0,False,,,4,252.98,casual,0
49,2023-08-17,youtube,subscriber,converted,1,False,,2024-10-24,0,0.0,regular,0
50,2026-06-02,google_search,subscriber,canceled_during_trial,0,False,,,0,0.0,regular,0
51,2024-01-17,organic_direct,course_merch_only,,0,False,,,3,29.97,casual,0
52,2026-01-11,meta,subscriber,converted,1,True,basic,,2,123.99,power,0
53,2024-12-10,meta,subscriber,converted,1,False,,2025-04-17,0,0.0,regular,0
54,2023-12-27,google_search,subscriber,converted,1,True,plus,,0,0.0,regular,0
55,2023-12-02,snap,subscriber,converted,1,False,,2024-01-09,6,289.94,regular,0
56,2025-01-07,snap,course_merch_only,,0,False,,,4,148.97,casual,0
57,2023-09-12,google_search,subscriber,converted,1,False,,2025-04-19,3,139.97,casual,0
58,2024-09-30,meta,subscriber,converted,1,False,,2025-02-07,4,289.97,casual,0
59,2026-02-21,meta,course_merch_only,,0,False,,,4,252.98,casual,0
60,2026-01-17,organic_direct,subscriber,converted,1,True,basic,,1,96.0,regular,0
61,2025-02-27,organic_direct,course_merch_only,,0,False,,,3,133.98,casual,0
62,2024-07-14,tiktok,subscriber,converted,2,False,,2025-08-21,0,0.0,regular,1
63,2025-02-16,google_search,subscriber,converted,1,False,,2025-11-23,1,27.99,regular,0
64,2023-09-27,snap,subscriber,converted,1,False,,2025-08-04,3,195.97,regular,0
65,2025-04-05,meta,subscriber,canceled_during_trial,0,False,,,0,0.0,power,0
66,2025-01-28,dv360,course_merch_only,,0,False,,,6,237.96,casual,0
67,2026-04-04,youtube,subscriber,converted,1,True,basic,,0,0.0,regular,0
68,2025-02-20,tiktok,subscriber,converted,1,False,,2025-11-27,0,0.0,casual,0
69,2025-01-29,meta,course_merch_only,,0,False,,,3,138.98,casual,0
70,2026-02-10,tiktok,subscriber,expired_passively,0,False,,,2,99.98,power,0
71,2024-06-11,meta,subscriber,converted,1,False,,2025-07-18,0,0.0,casual,0
72,2024-05-21,meta,subscriber,canceled_during_trial,0,False,,,0,0.0,regular,0
73,2025-10-12,organic_direct,subscriber,expired_passively,0,False,,,0,0.0,power,0
74,2025-11-15,meta,course_merch_only,,0,False,,,3,134.97,casual,0
75,2024-05-12,tiktok,course_merch_only,,0,False,,,6,467.96,casual,0
76,2025-08-21,meta,subscriber,converted,1,False,,2025-09-28,1,49.99,casual,0
77,2024-01-14,meta,subscriber,converted,2,True,basic,,3,107.97,power,1
78,2026-01-23,meta,course_merch_only,,0,False,,,2,19.98,casual,0
79,2026-03-27,meta,subscriber,canceled_during_trial,0,False,,,1,64.99,power,0
80,2025-10-02,organic_direct,course_merch_only,,0,False,,,3,164.98,casual,0
81,2024-09-05,tiktok,subscriber,converted,1,True,basic,,2,67.98,regular,0
82,2026-02-11,organic_direct,course_merch_only,,0,False,,,3,69.97,regular,0
83,2024-02-08,youtube,subscriber,converted,1,False,,2024-09-15,4,214.96,casual,0
84,2026-02-22,tiktok,subscriber,converted,1,True,plus,,0,0.0,power,0
85,2024-01-08,google_search,subscriber,converted,1,False,,2024-08-15,3,114.97,casual,0
86,2025-03-03,google_search,course_merch_only,,0,False,,,3,54.97,regular,0
87,2025-08-18,google_search,course_merch_only,,0,False,,,4,232.98,casual,0
88,2026-07-28,dv360,subscriber,expired_passively,0,False,,,0,0.0,regular,0
89,2025-01-17,organic_direct,course_merch_only,,0,False,,,6,664.0,regular,0
90,2024-06-18,google_search,subscriber,expired_passively,0,False,,,0,0.0,regular,0
91,2025-08-20,tiktok,subscriber,converted,1,True,basic,,0,0.0,power,0
92,2026-03-15,meta,course_merch_only,,0,False,,,2,208.0,casual,0
93,2025-06-02,tiktok,course_merch_only,,0,False,,,4,262.98,casual,0
94,2025-11-12,meta,subscriber,converted,1,False,,2026-03-19,2,64.98,casual,0
95,2025-01-06,snap,subscriber,expired_passively,0,False,,,2,84.98,power,0
96,2025-04-16,dv360,course_merch_only,,0,False,,,4,54.96,casual,0
97,2024-02-07,google_search,course_merch_only,,0,False,,,8,436.95,casual,0
98,2023-12-14,meta,subscriber,expired_passively,0,False,,,0,0.0,power,0
99,2024-11-03,meta,course_merch_only,,0,False,,,4,303.98,casual,0
100,2026-04-07,google_search,course_merch_only,,0,False,,,3,123.98,casual,0
