week_start,multiplier
2023-08-07,0.8307
2023-08-14,0.7287
2023-08-21,0.882
2023-08-28,0.9055
2023-09-04,0.8819
2023-09-11,0.9612
2023-09-18,1.1287
2023-09-25,1.0884
2023-10-02,1.0775
2023-10-09,0.9955
2023-10-16,1.1938
2023-10-23,1.1923
2023-10-30,1.1225
2023-11-06,1.6261
2023-11-13,1.5419
2023-11-20,1.3571
2023-11-27,1.5515
2023-12-04,1.1536
2023-12-11,1.3988
2023-12-18,1.2892
2023-12-25,1.2814
2024-01-01,2.0059
2024-01-08,2.4337
2024-01-15,2.1509
2024-01-22,2.1065
2024-01-29,2.1389
2024-02-05,1.5679
2024-02-12,1.5542
2024-02-19,1.5725
2024-02-26,1.5865
2024-03-04,1.5498
2024-03-11,1.2331
2024-03-18,1.228
2024-03-25,1.1972
2024-04-01,1.3234
2024-04-08,1.3968
2024-04-15,1.2493
2024-04-22,1.1653
2024-04-29,1.1751
2024-05-06,1.3008
2024-05-13,1.3208
2024-05-20,1.3047
2024-05-27,1.1626
2024-06-03,1.1402
2024-06-10,1.1345
2024-06-17,1.1533
2024-06-24,1.2348
2024-07-01,1.0955
2024-07-08,1.1514
2024-07-15,1.0923
2024-07-22,1.1232
2024-07-29,1.1677
2024-08-05,1.007
2024-08-12,1.148
2024-08-19,1.137
2024-08-26,1.1236
2024-09-02,1.5412
2024-09-09,1.8325
2024-09-16,1.4648
2024-09-23,1.7692
2024-09-30,1.3494
2024-10-07,1.5021
2024-10-14,1.5885
2024-10-21,1.6642
2024-10-28,1.6934
2024-11-04,2.2309
2024-11-11,2.0061
2024-11-18,1.9936
2024-11-25,2.2822
2024-12-02,1.7541
2024-12-09,1.5688
2024-12-16,1.6032
2024-12-23,1.6508
2024-12-30,1.9186
2025-01-06,3.0498
2025-01-13,3.2319
2025-01-20,2.9094
2025-01-27,3.1038
2025-02-03,2.1758
2025-02-10,1.9948
2025-02-17,2.1637
2025-02-24,1.9423
2025-03-03,1.679
2025-03-10,1.6843
2025-03-17,1.5497
2025-03-24,1.8553
2025-03-31,1.6946
2025-04-07,1.6998
2025-04-14,1.7882
2025-04-21,1.7913
2025-04-28,1.8379
2025-05-05,1.6244
2025-05-12,1.5788
2025-05-19,1.6435
2025-05-26,1.3839
2025-06-02,1.2718
2025-06-09,1.2965
2025-06-16,1.3516
2025-06-23,1.5687
2025-06-30,1.3784
2025-07-07,1.3736
2025-07-14,1.6207
2025-07-21,1.3897
2025-07-28,1.5545
2025-08-04,1.4066
2025-08-11,1.5266
2025-08-18,1.417
2025-08-25,1.5196
2025-09-01,2.2482
2025-09-08,1.7234
2025-09-15,2.1836
2025-09-22,2.1521
2025-09-29,1.9861
2025-10-06,1.7278
2025-10-13,2.0435
2025-10-20,1.9299
2025-10-27,2.0944
2025-11-03,2.6783
2025-11-10,3.1141
2025-11-17,2.6313
2025-11-24,2.4303
2025-12-01,2.342
2025-12-08,2.3614
2025-12-15,2.6359
2025-12-22,2.5249
2025-12-29,2.4237
2026-01-05,4.4082
2026-01-12,3.4026
2026-01-19,3.6297
2026-01-26,3.5331
2026-02-02,2.505
2026-02-09,2.2571
2026-02-16,2.7951
2026-02-23,2.5803
2026-03-02,1.8833
2026-03-09,1.9918
2026-03-16,2.2957
2026-03-23,2.4222
2026-03-30,2.6919
2026-04-06,2.7638
2026-04-13,2.2377
2026-04-20,1.9437
2026-04-27,1.704
2026-05-04,2.1149
2026-05-11,1.8998
2026-05-18,1.9897
2026-05-25,1.9564
2026-06-01,1.8334
2026-06-08,2.0658
2026-06-15,1.9034
2026-06-22,1.8513
2026-06-29,1.6927
2026-07-06,1.4794
2026-07-13,1.6969
2026-07-20,1.7808
2026-07-27,2.1148
