week_start,meta,google_search,youtube,dv360,snap,tiktok,organic_direct
2023-08-07,0.2796,0.2198,0.0801,0.0799,0.0798,0.1008,0.1599
2023-08-14,0.279,0.2195,0.0802,0.0799,0.0796,0.1018,0.1599
2023-08-21,0.2785,0.2193,0.0804,0.0798,0.0795,0.1027,0.1598
2023-08-28,0.278,0.219,0.0805,0.0798,0.0793,0.1037,0.1598
2023-09-04,0.2775,0.2188,0.0806,0.0797,0.0791,0.1047,0.1597
2023-09-11,0.277,0.2185,0.0807,0.0796,0.0789,0.1056,0.1596
2023-09-18,0.2765,0.2182,0.0809,0.0796,0.0787,0.1066,0.1596
2023-09-25,0.276,0.218,0.081,0.0795,0.0785,0.1075,0.1595
2023-10-02,0.2755,0.2177,0.0811,0.0794,0.0783,0.1085,0.1594
2023-10-09,0.275,0.2175,0.0813,0.0794,0.0781,0.1095,0.1594
2023-10-16,0.2744,0.2172,0.0814,0.0793,0.0779,0.1104,0.1593
2023-10-23,0.2739,0.217,0.0815,0.0792,0.0777,0.1114,0.1592
2023-10-30,0.2734,0.2167,0.0816,0.0792,0.0775,0.1123,0.1592
2023-11-06,0.2729,0.2165,0.0818,0.0791,0.0773,0.1133,0.1591
2023-11-13,0.2724,0.2162,0.0819,0.079,0.0771,0.1143,0.159
2023-11-20,0.2719,0.2159,0.082,0.079,0.077,0.1152,0.159
2023-11-27,0.2714,0.2157,0.0822,0.0789,0.0768,0.1162,0.1589
2023-12-04,0.2709,0.2154,0.0823,0.0789,0.0766,0.1171,0.1589
2023-12-11,0.2703,0.2152,0.0824,0.0788,0.0764,0.1181,0.1588
2023-12-18,0.2698,0.2149,0.0825,0.0787,0.0762,0.1191,0.1587
2023-12-25,0.2693,0.2147,0.0827,0.0787,0.076,0.12,0.1587
2024-01-01,0.2688,0.2144,0.0828,0.0786,0.0758,0.121,0.1586
2024-01-08,0.2683,0.2141,0.0829,0.0785,0.0756,0.1219,0.1585
2024-01-15,0.2678,0.2139,0.0831,0.0785,0.0754,0.1229,0.1585
2024-01-22,0.2673,0.2136,0.0832,0.0784,0.0752,0.1239,0.1584
2024-01-29,0.2668,0.2134,0.0833,0.0783,0.075,0.1248,0.1583
2024-02-05,0.2663,0.2131,0.0834,0.0783,0.0748,0.1258,0.1583
2024-02-12,0.2657,0.2129,0.0836,0.0782,0.0747,0.1267,0.1582
2024-02-19,0.2652,0.2126,0.0837,0.0782,0.0745,0.1277,0.1582
2024-02-26,0.2647,0.2124,0.0838,0.0781,0.0743,0.1287,0.1581
2024-03-04,0.2642,0.2121,0.0839,0.078,0.0741,0.1296,0.158
2024-03-11,0.2637,0.2118,0.0841,0.078,0.0739,0.1306,0.158
2024-03-18,0.2632,0.2116,0.0842,0.0779,0.0737,0.1315,0.1579
2024-03-25,0.2627,0.2113,0.0843,0.0778,0.0735,0.1325,0.1578
2024-04-01,0.2622,0.2111,0.0845,0.0778,0.0733,0.1335,0.1578
2024-04-08,0.2616,0.2108,0.0846,0.0777,0.0731,0.1344,0.1577
2024-04-15,0.2611,0.2106,0.0847,0.0776,0.0729,0.1354,0.1576
2024-04-22,0.2606,0.2103,0.0848,0.0776,0.0727,0.1363,0.1576
2024-04-29,0.2601,0.2101,0.085,0.0775,0.0725,0.1373,0.1575
2024-05-06,0.2596,0.2098,0.0851,0.0774,0.0723,0.1383,0.1574
2024-05-13,0.2591,0.2095,0.0852,0.0774,0.0722,0.1392,0.1574
2024-05-20,0.2586,0.2093,0.0854,0.0773,0.072,0.1402,0.1573
2024-05-27,0.2581,0.209,0.0855,0.0773,0.0718,0.1411,0.1573
2024-06-03,0.2576,0.2088,0.0856,0.0772,0.0716,0.1421,0.1572
2024-06-10,0.257,0.2085,0.0857,0.0771,0.0714,0.1431,0.1571
2024-06-17,0.2565,0.2083,0.0859,0.0771,0.0712,0.144,0.1571
2024-06-24,0.256,0.208,0.086,0.077,0.071,0.145,0.157
2024-07-01,0.2555,0.2078,0.0861,0.0769,0.0708,0.1459,0.1569
2024-07-08,0.255,0.2075,0.0863,0.0769,0.0706,0.1469,0.1569
2024-07-15,0.2545,0.2072,0.0864,0.0768,0.0704,0.1479,0.1568
2024-07-22,0.254,0.207,0.0865,0.0767,0.0702,0.1488,0.1567
2024-07-29,0.2535,0.2067,0.0866,0.0767,0.07,0.1498,0.1567
2024-08-05,0.2529,0.2065,0.0868,0.0766,0.0699,0.1507,0.1566
2024-08-12,0.2524,0.2062,0.0869,0.0766,0.0697,0.1517,0.1566
2024-08-19,0.2519,0.206,0.087,0.0765,0.0695,0.1527,0.1565
2024-08-26,0.2514,0.2057,0.0871,0.0764,0.0693,0.1536,0.1564
2024-09-02,0.2509,0.2054,0.0873,0.0764,0.0691,0.1546,0.1564
2024-09-09,0.2504,0.2052,0.0874,0.0763,0.0689,0.1555,0.1563
2024-09-16,0.2499,0.2049,0.0875,0.0762,0.0687,0.1565,0.1562
2024-09-23,0.2494,0.2047,0.0877,0.0762,0.0685,0.1574,0.1562
2024-09-30,0.2488,0.2044,0.0878,0.0761,0.0683,0.1584,0.1561
2024-10-07,0.2483,0.2042,0.0879,0.076,0.0681,0.1594,0.156
2024-10-14,0.2478,0.2039,0.088,0.076,0.0679,0.1603,0.156
2024-10-21,0.2473,0.2037,0.0882,0.0759,0.0677,0.1613,0.1559
2024-10-28,0.2468,0.2034,0.0883,0.0759,0.0676,0.1622,0.1559
2024-11-04,0.2463,0.2031,0.0884,0.0758,0.0674,0.1632,0.1558
2024-11-11,0.2458,0.2029,0.0886,0.0757,0.0672,0.1642,0.1557
2024-11-18,0.2453,0.2026,0.0887,0.0757,0.067,0.1651,0.1557
2024-11-25,0.2448,0.2024,0.0888,0.0756,0.0668,0.1661,0.1556
2024-12-02,0.2442,0.2021,0.0889,0.0755,0.0666,0.167,0.1555
2024-12-09,0.2437,0.2019,0.0891,0.0755,0.0664,0.168,0.1555
2024-12-16,0.2432,0.2016,0.0892,0.0754,0.0662,0.169,0.1554
2024-12-23,0.2427,0.2014,0.0893,0.0753,0.066,0.1699,0.1553
2024-12-30,0.2422,0.2011,0.0895,0.0753,0.0658,0.1709,0.1553
2025-01-06,0.2417,0.2008,0.0896,0.0752,0.0656,0.1718,0.1552
2025-01-13,0.2412,0.2006,0.0897,0.0751,0.0654,0.1728,0.1551
2025-01-20,0.2407,0.2003,0.0898,0.0751,0.0652,0.1738,0.1551
2025-01-27,0.2401,0.2001,0.09,0.075,0.0651,0.1747,0.155
2025-02-03,0.2396,0.1998,0.0901,0.075,0.0649,0.1757,0.155
2025-02-10,0.2391,0.1996,0.0902,0.0749,0.0647,0.1766,0.1549
2025-02-17,0.2386,0.1993,0.0903,0.0748,0.0645,0.1776,0.1548
2025-02-24,0.2381,0.199,0.0905,0.0748,0.0643,0.1786,0.1548
2025-03-03,0.2376,0.1988,0.0906,0.0747,0.0641,0.1795,0.1547
2025-03-10,0.2371,0.1985,0.0907,0.0746,0.0639,0.1805,0.1546
2025-03-17,0.2366,0.1983,0.0909,0.0746,0.0637,0.1814,0.1546
2025-03-24,0.2361,0.198,0.091,0.0745,0.0635,0.1824,0.1545
2025-03-31,0.2355,0.1978,0.0911,0.0744,0.0633,0.1834,0.1544
2025-04-07,0.235,0.1975,0.0912,0.0744,0.0631,0.1843,0.1544
2025-04-14,0.2345,0.1973,0.0914,0.0743,0.0629,0.1853,0.1543
2025-04-21,0.234,0.197,0.0915,0.0743,0.0628,0.1862,0.1543
2025-04-28,0.2335,0.1967,0.0916,0.0742,0.0626,0.1872,0.1542
2025-05-05,0.233,0.1965,0.0918,0.0741,0.0624,0.1882,0.1541
2025-05-12,0.2325,0.1962,0.0919,0.0741,0.0622,0.1891,0.1541
2025-05-19,0.232,0.196,0.092,0.074,0.062,0.1901,0.154
2025-05-26,0.2314,0.1957,0.0921,0.0739,0.0618,0.191,0.1539
2025-06-02,0.2309,0.1955,0.0923,0.0739,0.0616,0.192,0.1539
2025-06-09,0.2304,0.1952,0.0924,0.0738,0.0614,0.193,0.1538
2025-06-16,0.2299,0.195,0.0925,0.0737,0.0612,0.1939,0.1537
2025-06-23,0.2294,0.1947,0.0927,0.0737,0.061,0.1949,0.1537
2025-06-30,0.2289,0.1944,0.0928,0.0736,0.0608,0.1958,0.1536
2025-07-07,0.2284,0.1942,0.0929,0.0735,0.0606,0.1968,0.1535
2025-07-14,0.2279,0.1939,0.093,0.0735,0.0604,0.1978,0.1535
2025-07-21,0.2273,0.1937,0.0932,0.0734,0.0603,0.1987,0.1534
2025-07-28,0.2268,0.1934,0.0933,0.0734,0.0601,0.1997,0.1534
2025-08-04,0.2263,0.1932,0.0934,0.0733,0.0599,0.2006,0.1533
2025-08-11,0.2258,0.1929,0.0935,0.0732,0.0597,0.2016,0.1532
2025-08-18,0.2253,0.1927,0.0937,0.0732,0.0595,0.2026,0.1532
2025-08-25,0.2248,0.1924,0.0938,0.0731,0.0593,0.2035,0.1531
2025-09-01,0.2243,0.1921,0.0939,0.073,0.0591,0.2045,0.153
2025-09-08,0.2238,0.1919,0.0941,0.073,0.0589,0.2054,0.153
2025-09-15,0.2233,0.1916,0.0942,0.0729,0.0587,0.2064,0.1529
2025-09-22,0.2227,0.1914,0.0943,0.0728,0.0585,0.2074,0.1528
2025-09-29,0.2222,0.1911,0.0944,0.0728,0.0583,0.2083,0.1528
2025-10-06,0.2217,0.1909,0.0946,0.0727,0.0581,0.2093,0.1527
2025-10-13,0.2212,0.1906,0.0947,0.0727,0.058,0.2102,0.1527
2025-10-20,0.2207,0.1903,0.0948,0.0726,0.0578,0.2112,0.1526
2025-10-27,0.2202,0.1901,0.095,0.0725,0.0576,0.2122,0.1525
2025-11-03,0.2197,0.1898,0.0951,0.0725,0.0574,0.2131,0.1525
2025-11-10,0.2192,0.1896,0.0952,0.0724,0.0572,0.2141,0.1524
2025-11-17,0.2186,0.1893,0.0953,0.0723,0.057,0.215,0.1523
2025-11-24,0.2181,0.1891,0.0955,0.0723,0.0568,0.216,0.1523
2025-12-01,0.2176,0.1888,0.0956,0.0722,0.0566,0.217,0.1522
2025-12-08,0.2171,0.1886,0.0957,0.0721,0.0564,0.2179,0.1521
2025-12-15,0.2166,0.1883,0.0959,0.0721,0.0562,0.2189,0.1521
2025-12-22,0.2161,0.188,0.096,0.072,0.056,0.2198,0.152
2025-12-29,0.2156,0.1878,0.0961,0.0719,0.0558,0.2208,0.1519
2026-01-05,0.2151,0.1875,0.0962,0.0719,0.0556,0.2218,0.1519
2026-01-12,0.2146,0.1873,0.0964,0.0718,0.0555,0.2227,0.1518
2026-01-19,0.214,0.187,0.0965,0.0718,0.0553,0.2237,0.1518
2026-01-26,0.2135,0.1868,0.0966,0.0717,0.0551,0.2246,0.1517
2026-02-02,0.213,0.1865,0.0967,0.0716,0.0549,0.2256,0.1516
2026-02-09,0.2125,0.1863,0.0969,0.0716,0.0547,0.2266,0.1516
2026-02-16,0.212,0.186,0.097,0.0715,0.0545,0.2275,0.1515
2026-02-23,0.2115,0.1857,0.0971,0.0714,0.0543,0.2285,0.1514
2026-03-02,0.211,0.1855,0.0973,0.0714,0.0541,0.2294,0.1514
2026-03-09,0.2105,0.1852,0.0974,0.0713,0.0539,0.2304,0.1513
2026-03-16,0.2099,0.185,0.0975,0.0712,0.0537,0.2314,0.1512
2026-03-23,0.2094,0.1847,0.0976,0.0712,0.0535,0.2323,0.1512
2026-03-30,0.2089,0.1845,0.0978,0.0711,0.0533,0.2333,0.1511
2026-04-06,0.2084,0.1842,0.0979,0.0711,0.0532,0.2342,0.1511
2026-04-13,0.2079,0.1839,0.098,0.071,0.053,0.2352,0.151
2026-04-20,0.2074,0.1837,0.0982,0.0709,0.0528,0.2362,0.1509
2026-04-27,0.2069,0.1834,0.0983,0.0709,0.0526,0.2371,0.1509
2026-05-04,0.2064,0.1832,0.0984,0.0708,0.0524,0.2381,0.1508
2026-05-11,0.2059,0.1829,0.0985,0.0707,0.0522,0.239,0.1507
2026-05-18,0.2053,0.1827,0.0987,0.0707,0.052,0.24,0.1507
2026-05-25,0.2048,0.1824,0.0988,0.0706,0.0518,0.241,0.1506
2026-06-01,0.2043,0.1822,0.0989,0.0705,0.0516,0.2419,0.1505
2026-06-08,0.2038,0.1819,0.099,0.0705,0.0514,0.2429,0.1505
2026-06-15,0.2033,0.1816,0.0992,0.0704,0.0512,0.2438,0.1504
2026-06-22,0.2028,0.1814,0.0993,0.0703,0.051,0.2448,0.1503
2026-06-29,0.2023,0.1811,0.0994,0.0703,0.0509,0.2457,0.1503
2026-07-06,0.2018,0.1809,0.0996,0.0702,0.0507,0.2467,0.1502
2026-07-13,0.2012,0.1806,0.0997,0.0702,0.0505,0.2477,0.1502
2026-07-20,0.2007,0.1804,0.0998,0.0701,0.0503,0.2486,0.1501
2026-07-27,0.2002,0.1801,0.0999,0.07,0.0501,0.2496,0.15
